{"generator": "paper-faithful DRI1/RI (Debrabant-Roessler / Roessler), non-commutative", "cases": [{"method": "DRI1", "problem": "dri1_noncommutative2d", "dt": 0.125, "tf": 1.0, "n_states": 2, "m": 2, "n_steps": 8, "u0": [0.5, 1.0], "dW": [[-0.13976011088567203, 0.09330800242534518], [0.21465225795769746, -0.3437103933920304], [0.2714102995348621, 0.09017666375166987], [0.27682518802755124, 0.09631439031571769], [0.4108319126782667, -0.33154694726349787], [0.6279460829230741, 0.42510900620894887], [-0.2121171315350184, 0.2334040383379496], [0.15724901681087547, -0.6172206277981821]], "dZ": [[0.21044072177715215, -0.20696984404638655], [-0.08839313249322958, -0.21297576799511558], [-0.1513505520501938, 0.02536204703132523], [0.03419537424528063, -0.5512434199739867], [-0.09500192926961337, -0.47546254087365797], [-0.4492878207612078, -0.12266662191693307], [0.302394312511644, 0.2230414559786874], [-0.21377890281338774, -0.2511716910726788]], "times": [0.0, 0.125, 0.25, 0.375, 0.5, 0.625, 0.75, 0.875, 1.0], "trajectory": [[0.5, 1.0], [0.4875825195312499, 0.9558728841145833], [0.39791812461154014, 0.8446888388815571], [0.3922213986391316, 0.804572589573281], [0.38291924414350587, 0.7689193834104231], [0.4511035912548156, 0.7793469277357876], [0.6083319392313207, 0.8715716577849839], [0.5857041293106244, 0.8356787308022268], [0.49714154805524396, 0.7168284392073911]]}, {"method": "RI1", "problem": "ri1_noncommutative2d", "dt": 0.125, "tf": 1.0, "n_states": 2, "m": 2, "n_steps": 8, "u0": [0.5, 1.0], "dW": [[0.3214313724988835, 0.26565882991430884], [-0.009029181224952946, 0.23069558294761527], [-0.23014687846639634, -0.6468232577361489], [0.5934430996565467, 0.1685084900599314], [-0.7305643720254382, -0.37439026678399334], [-0.2190518005764489, 0.12075918786646313], [0.46913777549869823, 0.10877171566953192], [-0.15308163374775877, 0.16523782381748497]], "dZ": [[-0.07854918074676295, 0.06465323920073543], [-0.2355450341008216, -0.4266715734694709], [0.45366505549926855, -0.11311914963987162], [0.04182174478044089, -0.21241621074443895], [-0.19264128832204433, -0.1250520477435307], [0.23262577654627767, 0.43081977831014656], [0.19186651584693265, -0.1958279723742532], [0.9886388720344236, 0.29675300280961237]], "times": [0.0, 0.125, 0.25, 0.375, 0.5, 0.625, 0.75, 0.875, 1.0], "trajectory": [[0.5, 1.0], [0.49130517578125005, 0.9527543945312499], [0.4819999330325127, 0.9078706960024834], [0.3922332791867369, 0.8026964434919127], [0.4595397663751709, 0.8159567303426732], [0.3154773472220564, 0.6771123921199649], [0.3086296076429205, 0.64689293041503], [0.36196871498857947, 0.6574568016976307], [0.35151283803717476, 0.6289460990358673]]}, {"method": "RI3", "problem": "ri3_noncommutative2d", "dt": 0.125, "tf": 1.0, "n_states": 2, "m": 2, "n_steps": 8, "u0": [0.5, 1.0], "dW": [[0.14084505263670893, -0.19898809924898814], [0.20818459086206242, 0.014890998100660857], [-0.5553972048857444, 0.3541384330426769], [-0.03460445793242006, 0.2191331712911953], [0.6494182350025374, 0.09490432666356194], [-0.3798820436677069, -0.24076242338219242], [0.3595023784667893, -0.515045352220232], [0.09319288160371332, 0.1326760361750809]], "dZ": [[-0.4066940192839459, 0.059843829693812356], [0.19665424140284019, -0.27322265422716263], [-0.1698785248148231, 0.1922533280132783], [-0.459229354706101, -0.31118163354542], [0.33724387188921756, 0.03027248807597279], [-0.5006884045317995, 0.004021949448191646], [0.6863300275108443, -0.5349816135668654], [0.2884681490377701, 0.2682535593789628]], "times": [0.0, 0.125, 0.25, 0.375, 0.5, 0.625, 0.75, 0.875, 1.0], "trajectory": [[0.5, 1.0], [0.49130517578125005, 0.9527543945312499], [0.47842710405302047, 0.9109413533511161], [0.4650999685082648, 0.8849053333991875], [0.45585658884525815, 0.843294304157208], [0.531795225737183, 0.8579351100073584], [0.43207421823068465, 0.7691797047762391], [0.42994068686766884, 0.715774320353565], [0.41610387861605846, 0.6852705753393886]]}, {"method": "RI5", "problem": "ri5_noncommutative2d", "dt": 0.125, "tf": 1.0, "n_states": 2, "m": 2, "n_steps": 8, "u0": [0.5, 1.0], "dW": [[-0.014115498539039673, -0.44467708215560936], [0.9100546262773965, 0.1703413080636339], [0.22752809110940203, -0.07351318267855268], [0.02060759639569483, 0.11905650084432848], [0.0689807731548451, -0.2154252025251695], [0.2173223355967327, 0.173383685000821], [-0.041812775558162124, -0.2542908944834383], [-0.3109029603401916, -0.35639183439895583]], "dZ": [[0.09780314160098916, -0.12406419972642377], [0.30796641601757624, -0.31387698519424106], [0.25659146016918055, 0.009511850580190497], [-0.20112952430857095, 0.36930813355517944], [0.05327335431534044, 0.27938853341941916], [0.3857474711898754, 0.17483067505506655], [-0.17226028538930227, 0.0656886122878363], [0.35513444028196955, -0.22041187569985302]], "times": [0.0, 0.125, 0.25, 0.375, 0.5, 0.625, 0.75, 0.875, 1.0], "trajectory": [[0.5, 1.0], [0.5789940869001351, 1.0376344341650983], [0.4688526862207505, 0.9334485644807672], [0.45709048054820234, 0.8922960520689944], [0.4485835588873275, 0.850234100835161], [0.4363972203631018, 0.8130719030689634], [0.4242358985472102, 0.777644876926036], [0.4150518072834713, 0.7412124012277608], [0.4709868581074963, 0.776192143961183]]}, {"method": "RI6", "problem": "ri6_noncommutative2d", "dt": 0.125, "tf": 1.0, "n_states": 2, "m": 2, "n_steps": 8, "u0": [0.5, 1.0], "dW": [[-0.4024065724993792, 0.2726672203670614], [0.40661751205944774, 0.26003647315980144], [0.5119328483360653, 0.0011697577941596883], [-0.5031170094651842, -0.020288716248990712], [0.17063089578327437, 0.14679127724907304], [-0.21241178680169998, -0.728253773032061], [0.7406593937524498, -0.000974224259433798], [0.16463312847155062, -0.22546146769836053]], "dZ": [[-0.2912841140397067, 0.22757946014224292], [0.33640944207560264, -0.3332783263941216], [-0.1988192853521809, -0.24830978050365002], [-0.3853775320906479, -0.2942144532344499], [-0.042437826828606307, -0.6174732439035941], [0.7580704227267188, -0.5069495105312593], [-0.13922745853750765, 0.6298062137493823], [-0.14915071774879468, 0.015510094180066106]], "times": [0.0, 0.125, 0.25, 0.375, 0.5, 0.625, 0.75, 0.875, 1.0], "trajectory": [[0.5, 1.0], [0.41054982655179995, 0.8957075905642796], [0.4823180007318937, 0.9100649470403254], [0.5665203774739809, 0.9227104674038189], [0.4604568382615363, 0.8272297479397585], [0.4500488042263424, 0.7885687382059139], [0.37009505341685633, 0.6931828054276991], [0.43455924830712717, 0.7028424669271186], [0.42275356877193215, 0.6703705957076022]]}]}
