{"generator": "paper-faithful DRI1/RI (Debrabant-Roessler / Roessler), non-commutative", "cases": [{"method": "DRI1", "problem": "dri1_noncommutative2d", "dt": 0.125, "tf": 1.0, "n_states": 2, "m": 2, "n_steps": 8, "u0": [0.5, 1.0], "dW": [[-0.13976011088567203, 0.09330800242534518], [0.21465225795769746, -0.3437103933920304], [0.2714102995348621, 0.09017666375166987], [0.27682518802755124, 0.09631439031571769], [0.4108319126782667, -0.33154694726349787], [0.6279460829230741, 0.42510900620894887], [-0.2121171315350184, 0.2334040383379496], [0.15724901681087547, -0.6172206277981821]], "dZ": [[0.21044072177715215, -0.20696984404638655], [-0.08839313249322958, -0.21297576799511558], [-0.1513505520501938, 0.02536204703132523], [0.03419537424528063, -0.5512434199739867], [-0.09500192926961337, -0.47546254087365797], [-0.4492878207612078, -0.12266662191693307], [0.302394312511644, 0.2230414559786874], [-0.21377890281338774, -0.2511716910726788]], "times": [0.0, 0.125, 0.25, 0.375, 0.5, 0.625, 0.75, 0.875, 1.0], "trajectory": [[0.5, 1.0], [0.4875825195312499, 0.9558728841145833], [0.39791812461154014, 0.8446888388815571], [0.3922213986391316, 0.804572589573281], [0.38291924414350587, 0.7689193834104231], [0.4511035912548156, 0.7793469277357876], [0.6083319392313207, 0.8715716577849839], [0.5857041293106244, 0.8356787308022268], [0.49714154805524396, 0.7168284392073911]]}, {"method": "RI1", "problem": "ri1_noncommutative2d", "dt": 0.125, "tf": 1.0, "n_states": 2, "m": 2, "n_steps": 8, "u0": [0.5, 1.0], "dW": [[0.3214313724988835, 0.26565882991430884], [-0.009029181224952946, 0.23069558294761527], [-0.23014687846639634, -0.6468232577361489], [0.5934430996565467, 0.1685084900599314], [-0.7305643720254382, -0.37439026678399334], [-0.2190518005764489, 0.12075918786646313], [0.46913777549869823, 0.10877171566953192], [-0.15308163374775877, 0.16523782381748497]], "dZ": [[-0.07854918074676295, 0.06465323920073543], [-0.2355450341008216, -0.4266715734694709], [0.45366505549926855, -0.11311914963987162], [0.04182174478044089, -0.21241621074443895], [-0.19264128832204433, -0.1250520477435307], [0.23262577654627767, 0.43081977831014656], [0.19186651584693265, -0.1958279723742532], [0.9886388720344236, 0.29675300280961237]], "times": [0.0, 0.125, 0.25, 0.375, 0.5, 0.625, 0.75, 0.875, 1.0], "trajectory": [[0.5, 1.0], [0.49130517578125005, 0.9527543945312499], [0.4819999330325127, 0.9078706960024834], [0.3922332791867369, 0.8026964434919127], [0.4595397663751709, 0.8159567303426732], [0.3154773472220564, 0.6771123921199649], [0.3086296076429205, 0.64689293041503], [0.36196871498857947, 0.6574568016976307], [0.35151283803717476, 0.6289460990358673]]}]}