{"generator": "paper: Roessler 2007 BIT 47:657 (RS1/RS2)", "cases": [{"method": "RS1", "problem": "noncommutative2d", "dt": 0.125, "tf": 1.0, "n_states": 2, "m": 2, "n_steps": 8, "seed": 424242, "u0": [0.1, 0.1], "dW": [[-0.9353210580657733, -0.6608800082952574], [0.2149897756641156, 0.49735835204945034], [0.2896093691546413, 0.31174209014969706], [0.00857197087567728, -0.23475738071365349], [-0.05117460790560504, 0.31929003274496953], [-0.21028868622531993, -0.10461791627662038], [0.5902226456531569, -0.31795622527653955], [-0.40694881141824235, -0.44154796050653705]], "dZ": [[0.033967610494678196, -0.15181783305202373], [-0.31763478052008703, -0.3330577911218763], [-0.09088550833503342, -0.12941473733690517], [-0.16277087218735742, 0.04292168012095853], [-0.4348918250114487, -0.36181154658951387], [-0.29285665151866164, -0.607478760624946], [0.08749888677500844, 0.718878564166079], [-0.02298388536034735, 0.24494893580489172]], "times": [0.0, 0.125, 0.25, 0.375, 0.5, 0.625, 0.75, 0.875, 1.0], "trajectory": [[0.1, 0.1], [0.054271366207321835, 0.054271366207321835], [0.10007667541503905, 0.10007667541503905], [0.10007667541503905, 0.10007667541503905], [0.10007667541503905, 0.10007667541503905], [0.10007667541503905, 0.10007667541503905], [0.10007667541503905, 0.10007667541503905], [0.10007667541503905, 0.10007667541503905], [0.05431297900260866, 0.05431297900260866]]}, {"method": "RS2", "problem": "noncommutative2d", "dt": 0.125, "tf": 1.0, "n_states": 2, "m": 2, "n_steps": 8, "seed": 424243, "u0": [0.1, 0.1], "dW": [[0.5839418050592755, 0.1445641293186488], [-0.6485728216321067, -0.25970616242697514], [0.22047771586542245, -0.4406070905468379], [-0.5265948180030436, -0.37500116803088435], [0.5302623760045938, -0.22047690719107427], [0.05077211720295415, 0.027614224579259636], [-0.21897328697145, -0.6959874327725906], [-0.3174294051402563, 0.3909743428512339]], "dZ": [[-0.42989138383776704, -0.19497132544410986], [-0.20002583660207926, -0.02843934031200377], [-0.21402638600089585, -0.22008977010329545], [0.22897517288080077, 0.28763086926090153], [-0.08139318701187447, 0.5453773083395719], [-0.25304277675545694, -0.024871501655018315], [0.3690312788917338, 0.02584669515765202], [-0.4861392010844036, 0.5644113339507123]], "times": [0.0, 0.125, 0.25, 0.375, 0.5, 0.625, 0.75, 0.875, 1.0], "trajectory": [[0.1, 0.1], [0.1, 0.1], [0.1, 0.1], [0.054271366207321835, 0.054271366207321835], [0.02945381190009234, 0.02945381190009234], [0.029453811900092337, 0.029453811900092337], [0.029453811900092337, 0.029453811900092337], [0.01598498611831485, 0.01598498611831485], [0.029476395732611557, 0.029476395732611557]]}, {"method": "RS1", "problem": "commutative2d", "dt": 0.125, "tf": 1.0, "n_states": 2, "m": 2, "n_steps": 8, "seed": 424244, "u0": [0.1, 0.1], "dW": [[0.04002193282209817, 0.4259780059020177], [-0.05206205017353337, -0.09827228089860718], [0.3904947633778065, -0.011565472931644463], [0.5189436384410014, -0.008161818466208153], [0.01007737756519421, -0.5868823370320484], [-0.3768709632777887, -0.027615774021332477], [0.51583402060019, -0.18587735714283962], [-0.20839833265200455, -0.32508883243345843]], "dZ": [[-0.07041022229243778, -0.39915500159070094], [0.33846980111324443, -0.004028726817388575], [0.19428213245482984, 0.31230248002376915], [-0.11860887850974479, 0.26214164402530427], [-0.20898428342260997, 0.2672041148007698], [0.9857012943955709, -0.04824266264367482], [-0.3589731300539961, 0.0005896541165442408], [0.275433268278761, 0.1615727817015213]], "times": [0.0, 0.125, 0.25, 0.375, 0.5, 0.625, 0.75, 0.875, 1.0], "trajectory": [[0.1, 0.1], [0.12043361328125, 0.12792813361138755], [0.14504255207977676, 0.1540684737114593], [0.18555022981798316, 0.18555022981798322], [0.23737094591778615, 0.22346484622146057], [0.2858744070486717, 0.25337402540757914], [0.3241366617599587, 0.30514749391449997], [0.41466198173977137, 0.3675001527584148], [0.49939240751284375, 0.4425937127810723]]}, {"method": "RS2", "problem": "commutative2d", "dt": 0.125, "tf": 1.0, "n_states": 2, "m": 2, "n_steps": 8, "seed": 424245, "u0": [0.1, 0.1], "dW": [[-0.29852165143972115, -0.10218042630065555], [0.23181933542508942, -0.7035188950875036], [-0.027990559807554247, 0.0865118056271349], [0.23074491791398294, 0.07881264819435727], [-0.2630297894219615, 0.2524795269151037], [0.2941248038974309, 0.43310365113957056], [0.6597882256813282, 0.1522464793755474], [0.5655498002243085, 0.20240243259128185]], "dZ": [[-0.25501318671159995, -0.3127283300179164], [-0.04684541022457244, -0.4099214742308633], [-0.29585030992834, 0.6357945941286202], [0.15131007212498357, -0.12416492843833067], [-0.4419972877574432, -0.25160016505576593], [-0.49693472963010726, 0.1292195324995214], [-0.9252654951462254, 0.41071878494707115], [0.13002581176641545, -0.11526705685860279]], "times": [0.0, 0.125, 0.25, 0.375, 0.5, 0.625, 0.75, 0.875, 1.0], "trajectory": [[0.1, 0.1], [0.12054238158772788, 0.12054238158772788], [0.14530465758841396, 0.13680723332629416], [0.17515369481496734, 0.1649106972357947], [0.21113443516886227, 0.19878728194095424], [0.2545064765043439, 0.2396229239451375], [0.3067881680733472, 0.306805768104357], [0.3928020658516877, 0.3698309797215135], [0.5029315957858745, 0.44580307080553927]]}]}
