{"generator": "paper-faithful Tang & Xiao W2Ito1/W2Ito2", "cases": [{"method": "W2Ito1", "problem": "w2ito1_noncommutative2d", "dt": 0.125, "tf": 1.0, "n_states": 2, "m": 2, "n_steps": 8, "u0": [0.5, 1.0], "dW": [[0.017225447734423038, 0.1831984663246682], [-0.03892601651787404, -0.03147818872340614], [0.1776618688188182, 0.1805151201496495], [0.12200267427481896, -0.5023418205292247], [-0.20144506868098613, -0.10839080700898708], [0.26147181530108177, 0.016070848422789694], [-0.13925409392784324, 0.13349989598626755], [0.11522109850874551, -0.40360289833389656]], "dZ": [[0.19143508986887522, -0.1501571687945868], [0.07518536249761254, 0.16315579880402994], [-0.33886860027438764, 0.42649437735470874], [-0.35708413463629063, 0.3038342604366408], [0.22699733305319938, -0.06166170838184255], [0.43137323896481555, -0.2184294880187717], [-0.4822517179648839, 0.00767280542473748], [-0.33078269748243955, -0.02624187209312779]], "times": [0.0, 0.125, 0.25, 0.375, 0.5, 0.625, 0.75, 0.875, 1.0], "trajectory": [[0.5, 1.0], [0.4886843990979673, 0.9537920887170881], [0.47706765384074146, 0.9098436779227854], [0.46664736093431475, 0.8690465281332171], [0.3812312204274407, 0.7662451834042912], [0.3726929039775122, 0.7308186460334312], [0.3639141241988157, 0.6971258613475926], [0.3560382611668457, 0.6658457586922168], [0.29068673429326836, 0.5872844966920481]]}, {"method": "W2Ito1", "problem": "w2ito1_diag2d", "dt": 0.125, "tf": 1.0, "n_states": 2, "m": 2, "n_steps": 8, "u0": [0.5, 1.2], "dW": [[-0.3547293550382862, -0.010004747480888185], [0.20707393670336394, -0.5964740531208484], [-0.49397270263324616, -0.3385923261934352], [0.3545385697895971, 0.3934177045654843], [0.11340831163480117, 0.1585381720613628], [-0.2141299640593491, -0.4154617692220558], [0.16852520447706726, 0.2663856395073264], [-0.031216257699466985, -0.6993752950769339]], "dZ": [[0.091542511775426, 0.04357487655216118], [-0.26993454434491454, 0.2785449653985345], [0.5103552761572802, 0.2982147033032642], [0.044695134644767515, -0.20634641335804804], [0.1865098191052764, -0.454340852163669], [0.2965417626653398, 0.26559322901362764], [0.02784498553406192, 0.35188041893449096], [-0.1703148028333185, 0.2887622791321296]], "times": [0.0, 0.125, 0.25, 0.375, 0.5, 0.625, 0.75, 0.875, 1.0], "trajectory": [[0.5, 1.2], [0.4659288045154888, 1.1229690966602754], [0.5244411721020965, 0.9290618383533699], [0.488704496712463, 0.8694231111310153], [0.6579728643594972, 0.9228914117721201], [0.7450079517485291, 0.8636487791610532], [0.8435558337331108, 0.718336150778212], [0.955139395432055, 0.6722244152815234], [1.0750879087249539, 0.5561489206647408]]}, {"method": "W2Ito1", "problem": "w2ito1_scalar", "dt": 0.125, "tf": 1.0, "n_states": 1, "m": 1, "n_steps": 8, "u0": [0.5], "dW": [[-0.3865420098531759], [0.27509559123940547], [-0.1349196174024718], [0.10460622927307055], [0.11895029349625864], [-0.6882930219892657], [0.1772630380189373], [-0.3415976944867414]], "dZ": [[-0.4398805851619627, 0.39461125767176464], [-0.5702197080350502, -0.5617433277996026], [-0.2974739549666463, 0.49709846309169164], [0.3268354637151224, -0.05890927558475678], [0.6388812650750436, -0.2686923573353599], [-0.6347373457597245, 0.23676510957335828], [0.07654667914277155, 0.12214930182401029], [-0.3872673657000778, 0.1994382887678528]], "times": [0.0, 0.125, 0.25, 0.375, 0.5, 0.625, 0.75, 0.875, 1.0], "trajectory": [[0.5], [0.3237768234589628], [0.3488825789005735], [0.3759350424158517], [0.41238458415218493], [0.4523681648657069], [0.29293265490835796], [0.3213345324306086], [0.3462509118674143]]}, {"method": "W2Ito2", "problem": "w2ito2_noncommutative2d", "dt": 0.125, "tf": 1.0, "n_states": 2, "m": 2, "n_steps": 8, "u0": [0.5, 1.0], "dW": [[0.08714682860793878, 0.07301273674452739], [0.26049181139613775, -0.08084567889749371], [-0.3056796943304987, -0.11371043681179974], [0.014914797208348415, 0.062115193778498175], [-0.06921938274777514, 0.2876918233591002], [0.5454522425379975, 0.3532244637129801], [-0.11081647609873091, 0.026068921836417142], [0.12543759892190653, 0.08788657405468635]], "dZ": [[-0.37346576044084245, -0.5112353004834385], [0.0342759301607859, 0.5179907021098686], [0.09824504889282763, 0.30653659232981273], [0.072231538989211, 0.03866485647842194], [-0.34780491270309377, 0.4610107792286316], [-0.2781858204811629, 0.13257555670901694], [0.06020681657716014, -0.4464508073776602], [0.1644074946943371, -0.2841971092515605]], "times": [0.0, 0.125, 0.25, 0.375, 0.5, 0.625, 0.75, 0.875, 1.0], "trajectory": [[0.5, 1.0], [0.48945470733642576, 0.9543821243286132], [0.4785545876667961, 0.9109899308271024], [0.4673762056774055, 0.8697045724440683], [0.4559881104769658, 0.8304142281236415], [0.44445154728447506, 0.7930136462755625], [0.5966473671837028, 0.8897504144998436], [0.5769200120918259, 0.8509525618136404], [0.5576241771683981, 0.8139207098085437]]}, {"method": "W2Ito2", "problem": "w2ito2_diag2d", "dt": 0.125, "tf": 1.0, "n_states": 2, "m": 2, "n_steps": 8, "u0": [0.5, 1.2], "dW": [[-0.39191844905257645, 0.14014156652519993], [0.14361017164384804, 0.15420540936146057], [0.1803246371807218, 0.008738571094686851], [0.15747849995534258, 0.3758070411274919], [0.6540425560925247, -0.05352142459826389], [-0.2879090441857231, -0.4981243551043671], [0.09497078707745558, -0.05765909022681814], [0.5653229936962081, -0.4571012803000386]], "dZ": [[-0.18201166345114567, -0.3158603952193368], [0.06773751357179854, -0.06760601702416752], [-0.2974579838431505, -0.20790594446022753], [0.3510640797277969, 0.44438877636764146], [0.2136951926756573, 0.2358267604839847], [0.22151474495714005, -0.20171141604150766], [-0.004348290229643221, -0.3438295510970551], [0.2399122446937911, -0.19512527299891494]], "times": [0.0, 0.125, 0.25, 0.375, 0.5, 0.625, 0.75, 0.875, 1.0], "trajectory": [[0.5, 1.2], [0.4691847167285385, 1.1243894348144532], [0.5295150320582541, 1.0535430009353044], [0.5976029465125994, 0.9871605161453082], [0.6744459742575382, 1.0456729755986787], [0.913659741421757, 0.9797863716951216], [1.0311430658752543, 0.8124781887693857], [1.1637330333150866, 0.7612849095579001], [1.5764880552116884, 0.6312880055526373]]}, {"method": "W2Ito2", "problem": "w2ito2_scalar", "dt": 0.125, "tf": 1.0, "n_states": 1, "m": 1, "n_steps": 8, "u0": [0.5], "dW": [[-0.20176831941035497], [0.6190117641691135], [0.34653609814625164], [0.1792184975151227], [0.3793890810433551], [-0.5530615492652903], [0.22230207598388232], [0.5069910512652809]], "dZ": [[0.49134608747069497, -0.5514515333082263], [-0.31515332655230255, 0.1609228255549282], [0.11642552553616214, -0.2663825782845163], [0.4387240067535459, -0.013496470295308899], [-0.048574865203942476, -0.15402056964569635], [0.5210953340978796, -0.4217931212805531], [0.538454860205976, -0.10971844965150337], [-0.11374349454287501, -0.11143323129681411]], "times": [0.0, 0.125, 0.25, 0.375, 0.5, 0.625, 0.75, 0.875, 1.0], "trajectory": [[0.5], [0.5421365221151225], [0.9968825154126866], [1.8330710236203156], [1.9875494990710507], [3.6547129059134567], [2.307941571985078], [2.502438834161797], [4.601493199411989]]}]}