n,m,C_norm,S_norm
2,0,-4.841653717360E-04,0.000000000000E+00
2,1,-1.869876359550E-10,1.195280120310E-09
2,2,2.439143523980E-06,-1.400166836540E-06
3,0,9.572541737920E-07,0.000000000000E+00
3,1,2.029988821840E-06,2.485131587160E-07
3,2,9.046277686050E-07,-6.190259442050E-07
3,3,7.210726570570E-07,1.414356269580E-06
4,0,5.398738637890E-07,0.000000000000E+00
4,1,-5.363216169710E-07,-4.734402658530E-07
4,2,3.506941057850E-07,6.626715725400E-07
4,3,9.907718038290E-07,-2.009283691770E-07
4,4,-1.885608027350E-07,3.088531693330E-07
5,0,6.853234756300E-08,0.000000000000E+00
5,1,-6.210121285280E-08,-9.442261275250E-08
5,2,6.524382976120E-07,-3.233496126680E-07
5,3,-4.519554060710E-07,-2.148471906240E-07
5,4,-2.953016476540E-07,4.966588767690E-08
5,5,1.749719832030E-07,-6.693842782190E-07
6,0,-1.499579947140E-07,0.000000000000E+00
6,1,-7.608793849470E-08,2.628905455010E-08
6,2,4.817324428320E-08,-3.737282013470E-07
6,3,5.717309905160E-08,9.026945171630E-09
6,4,-8.621426601090E-08,-4.714081542670E-07
6,5,-2.671333254900E-07,-5.364884324830E-07
6,6,9.676161210920E-09,-2.371920069350E-07
7,0,9.097893714500E-08,0.000000000000E+00
7,1,2.798729104880E-07,9.543369118670E-08
7,2,3.297438164880E-07,9.306675960420E-08
7,3,2.503986577060E-07,-2.171986087380E-07
7,4,-2.751143552570E-07,-1.238003923230E-07
7,5,1.937655072430E-09,1.773777198720E-08
7,6,-3.588568606450E-07,1.517898177390E-07
7,7,1.091851480450E-09,2.444157079930E-08
8,0,4.967116673240E-08,0.000000000000E+00
8,1,2.334220478930E-08,5.900604934110E-08
8,2,8.029787226150E-08,6.541754258590E-08
8,3,-1.918777570090E-08,-8.634544450210E-08
8,4,-2.446001054710E-07,7.002330169340E-08
8,5,-2.553524030370E-08,8.914621647880E-08
8,6,-6.573616109610E-08,3.092384618070E-07
8,7,6.728115800720E-08,7.474404736330E-08
8,8,-1.240924930160E-07,1.205331656030E-07
9,0,2.767143008530E-08,0.000000000000E+00
9,1,1.433875027490E-07,2.168349476180E-08
9,2,2.222883185640E-08,-3.221966471160E-08
9,3,-1.608115021430E-07,-7.422874094620E-08
9,4,-9.001792253360E-09,1.946667794750E-08
9,5,-1.661650929240E-08,-5.411131914830E-08
9,6,6.269419382480E-08,2.229035259450E-07
9,7,-1.183663234750E-07,-9.651526678860E-08
9,8,1.884360227940E-07,-3.085662204210E-09
9,9,-4.774753861320E-08,9.664128477140E-08
10,0,5.262224885690E-08,0.000000000000E+00
10,1,8.351157756520E-08,-1.313143317960E-07
10,2,-9.424138820810E-08,-5.157916573900E-08
10,3,-6.898950481760E-09,-1.537688286940E-07
10,4,-8.407645497160E-08,-7.928062553310E-08
10,5,-4.933959381850E-08,-5.053702218970E-08
10,6,-3.758852365980E-08,-7.956670538720E-08
10,7,8.114605409250E-09,-3.366296413140E-09
10,8,4.049279816940E-08,-9.187059759220E-08
10,9,1.254913349390E-07,-3.765162223920E-08
10,10,1.005386344090E-07,-2.401484495200E-08
11,0,-5.096137075220E-08,0.000000000000E+00
11,1,1.516872099330E-08,-2.686041461660E-08
11,2,1.863097498780E-08,-9.906938620470E-08
11,3,-3.098712398540E-08,-1.481318042600E-07
11,4,-3.895802050510E-08,-6.366665119800E-08
11,5,3.778480294520E-08,4.947362381690E-08
11,6,-1.186765923950E-09,3.447695845930E-08
11,7,4.115651880740E-09,-8.982528089770E-08
11,8,-5.984108413000E-09,2.439896122370E-08
11,9,-3.142310727230E-08,4.177318298290E-08
11,10,-5.218826819270E-08,-1.833645617880E-08
11,11,4.603444487460E-08,-6.966623081850E-08
12,0,3.772526365580E-08,0.000000000000E+00
12,1,-5.406549778360E-08,-4.356757489790E-08
12,2,1.429796422530E-08,3.209759376190E-08
12,3,3.939958764030E-08,2.442648635050E-08
12,4,-6.869081279340E-08,4.150811090110E-09
12,5,3.094111287300E-08,7.825362790330E-09
12,6,3.415232752080E-09,3.917654844490E-08
12,7,-1.869099585870E-08,3.561318493820E-08
12,8,-2.537693988650E-08,1.693610246290E-08
12,9,4.228806306620E-08,2.526925983010E-08
12,10,-6.176196549020E-09,3.083757942120E-08
12,11,1.125029941220E-08,-6.379465015580E-09
12,12,-2.495326073900E-09,-1.117806019000E-08
13,0,4.229822064130E-08,0.000000000000E+00
13,1,-5.135696991240E-08,3.905103866850E-08
13,2,5.592176670990E-08,-6.273375653810E-08
13,3,-2.193609279450E-08,9.748293622370E-08
13,4,-3.137625996660E-09,-1.196278744920E-08
13,5,5.900493949050E-08,6.649759580360E-08
13,6,-3.590380730750E-08,-6.572806136860E-09
13,7,2.530021470870E-09,-6.214708223310E-09
13,8,-9.831508226950E-09,-1.047402228250E-08
13,9,2.473257717910E-08,4.528703699360E-08
13,10,4.103246539300E-08,-3.681210294800E-08
13,11,-4.438696773990E-08,-4.765078042880E-09
13,12,-3.126222002220E-08,8.784058092670E-08
13,13,-6.127595531990E-08,6.852614885940E-08
14,0,-2.427865029210E-08,0.000000000000E+00
14,1,-1.869686163810E-08,2.947475422490E-08
14,2,-3.677893795020E-08,-5.167793920550E-09
14,3,3.588750973330E-08,2.046188278330E-08
14,4,1.838656177920E-09,-2.267806135660E-08
14,5,2.873442735420E-08,-1.638822497280E-08
14,6,-1.948104855740E-08,2.478312727810E-09
14,7,3.750038394150E-08,-4.172913194290E-09
14,8,-3.509464858650E-08,-1.535152652030E-08
14,9,3.202849393410E-08,2.888049220640E-08
14,10,3.903291800080E-08,-1.443084524690E-09
14,11,1.539705165020E-08,-3.905481732450E-08
14,12,8.408291638690E-09,-3.113271891170E-08
14,13,3.221470439640E-08,4.518972249600E-08
14,14,-5.189807943090E-08,-4.815066367480E-09
15,0,1.479100687080E-09,0.000000000000E+00
15,1,1.008172681770E-08,1.097730663240E-08
15,2,-2.139426737750E-08,-3.089148757770E-08
15,3,5.213929290410E-08,1.728929261030E-08
15,4,-4.081500840780E-08,6.501747077940E-09
15,5,1.249357231080E-08,8.083755639960E-09
15,6,3.312116438960E-08,-3.682460043040E-08
15,7,5.962106992590E-08,5.318411718790E-09
15,8,-3.224286914980E-08,2.215235795870E-08
15,9,1.287882680850E-08,3.756298208290E-08
15,10,1.046887225210E-08,1.472221470150E-08
15,11,-1.116750619340E-09,1.809961984320E-08
15,12,-3.239621344150E-08,1.552431047460E-08
15,13,-2.839330191170E-08,-4.220667911030E-09
15,14,5.191688593300E-09,-2.437527396660E-08
15,15,-1.909305383220E-08,-4.711394215580E-09
16,0,-3.153229867220E-09,0.000000000000E+00
16,1,2.583608562310E-08,3.254475608590E-08
16,2,-2.336714045120E-08,2.887993634390E-08
16,3,-3.360194293910E-08,-2.204189880100E-08
16,4,4.023162843140E-08,4.838377169090E-08
16,5,-1.295019392450E-08,-3.194585781290E-09
16,6,1.402392523230E-08,-3.507602083030E-08
16,7,-7.084126351360E-09,-8.815815611310E-09
16,8,-2.090188680940E-08,5.005273905300E-09
16,9,-2.185887206430E-08,-3.950124199940E-08
16,10,-1.175299008140E-08,1.142115829610E-08
16,11,1.875740425920E-08,-3.031619199250E-09
16,12,1.954001940380E-08,6.669835740710E-09
16,13,1.381963695760E-08,1.027784995080E-09
16,14,-1.931821688560E-08,-3.861748937760E-08
16,15,-1.451490601420E-08,-3.274430787390E-08
16,16,-3.796717107460E-08,3.021553726550E-09
17,0,1.976050663950E-08,0.000000000000E+00
17,1,-2.541775751180E-08,-3.066305296890E-08
17,2,-1.959886567210E-08,6.492658934100E-09
17,3,5.641230662240E-09,6.783270955290E-09
17,4,7.074570756370E-09,2.494376008340E-08
17,5,-1.549870060520E-08,6.600215518510E-09
17,6,-1.181940128470E-08,-2.897709751770E-08
17,7,2.421497023810E-08,-4.222229736970E-09
17,8,3.884420975590E-08,3.589040959430E-09
17,9,3.813564932310E-09,-2.814669437140E-08
17,10,-3.882160855420E-09,1.813281765080E-08
17,11,-1.573566003630E-08,1.065606494040E-08
17,12,2.880130106550E-08,2.034501360840E-08
17,13,1.655034257310E-08,2.046675314350E-08
17,14,-1.419838726490E-08,1.149480252440E-08
17,15,5.421003616570E-09,5.326103698110E-09
17,16,-3.019922050430E-08,3.653319185310E-09
17,17,-3.430868560410E-08,-1.985234553810E-08
18,0,5.086910383320E-09,0.000000000000E+00
18,1,7.210984496490E-09,-3.887144730130E-08
18,2,1.406317712050E-08,1.000933962530E-08
18,3,-5.072325208730E-09,-4.908659313350E-09
18,4,5.487593082170E-08,-1.352671177200E-09
18,5,5.487104855550E-09,2.643386294590E-08
18,6,1.465707552710E-08,-1.364380199510E-08
18,7,6.758123284170E-09,6.885774942350E-09
18,8,3.076198451440E-08,4.178277341070E-09
18,9,-1.884706018800E-08,3.683027369530E-08
18,10,5.275353589340E-09,-4.660915358810E-09
18,11,-7.296285189600E-09,1.952152080200E-09
18,12,-2.974494124220E-08,-1.644978783950E-08
18,13,-6.279197171520E-09,-3.483839399380E-08
18,14,-8.156053364100E-09,-1.286365850270E-08
18,15,-4.050034128790E-08,-2.026849980210E-08
18,16,1.041410420280E-08,6.614688176240E-09
18,17,3.587715868410E-09,4.480655875640E-09
18,18,3.123519537170E-09,-1.099060325430E-08
19,0,-3.257809653940E-09,0.000000000000E+00
19,1,-7.599038853190E-09,1.268354726050E-09
19,2,3.535415286550E-08,-1.313463035140E-09
19,3,-9.741036073090E-09,1.506622590430E-09
19,4,1.570390090570E-08,-7.616773838110E-09
19,5,1.096292133790E-08,2.831721764380E-08
19,6,-4.087451786580E-09,1.862194307190E-08
19,7,4.782753370440E-09,-7.172834559000E-09
19,8,2.949083642800E-08,-9.930370028830E-09
19,9,3.079614271590E-09,6.941104772140E-09
19,10,-3.384150690430E-08,-7.379817671360E-09
19,11,1.604436529160E-08,9.966734534830E-09
19,12,-2.471065815810E-09,9.168523106420E-09
19,13,-7.447173799800E-09,-2.825844667420E-08
19,14,-4.705025892150E-09,-1.295266979830E-08
19,15,-1.765805497710E-08,-1.403509900390E-08
19,16,-2.169500961880E-08,-7.245347215670E-09
19,17,2.904449360790E-08,-1.534565310700E-08
19,18,3.483821995930E-08,-9.541463449170E-09
19,19,-2.573493494300E-09,4.831518223630E-09
20,0,2.223846106510E-08,0.000000000000E+00
20,1,5.163031252180E-09,6.696267269660E-09
20,2,1.988311282380E-08,1.751838432570E-08
20,3,-3.626014367850E-09,3.795907241410E-08
20,4,2.422381186520E-09,-2.110576118740E-08
20,5,-1.070425625640E-08,-7.718600831690E-09
20,6,1.104748375700E-08,-2.177203658980E-09
20,7,-2.100902827280E-08,-2.234915039690E-11
20,8,4.424191856370E-09,1.830358045930E-09
20,9,1.788462169420E-08,-6.639408653580E-09
20,10,-3.253949199880E-08,-5.123088736210E-09
20,11,1.389927076970E-08,-1.877064549420E-08
20,12,-6.357506007500E-09,1.802608531030E-08
20,13,2.752227259970E-08,6.908870775880E-09
20,14,1.158411694050E-08,-1.431761601430E-08
20,15,-2.601307442910E-08,-7.843796724130E-10
20,16,-1.241371471180E-08,-2.775004436280E-10
20,17,4.369096679600E-09,-1.374204461980E-08
20,18,1.518428830220E-08,-8.084299031420E-10
20,19,-3.149420028520E-09,1.065052022450E-08
20,20,4.014483279680E-09,-1.204506447850E-08
21,0,5.878202525750E-09,0.000000000000E+00
21,1,-1.610006701410E-08,2.843594007910E-08
21,2,-6.544604825580E-09,3.784748685080E-09
21,3,1.954919952600E-08,2.262869637160E-08
21,4,-5.766043392390E-09,1.944937826310E-08
21,5,2.588563030160E-09,1.708503686690E-09
21,6,-1.401688105890E-08,-2.738148263810E-12
21,7,-8.643571684750E-09,4.426122771190E-09
21,8,-1.704772782370E-08,1.507111926300E-09
21,9,1.644890623940E-08,8.301131963650E-09
21,10,-1.099289764090E-08,-1.469137946840E-09
21,11,6.993003642140E-09,-3.535905651240E-08
21,12,-3.193001095940E-09,1.457869179470E-08
21,13,-1.898545245900E-08,1.405147914360E-08
21,14,2.035807856740E-08,7.557724628400E-09
21,15,1.755302202780E-08,1.045338868320E-08
21,16,7.869691093670E-09,-6.560897152790E-09
21,17,-6.994844899810E-09,-7.360649011470E-09
21,18,2.596432915210E-08,-1.115608061300E-08
21,19,-2.737416364100E-08,1.639581900520E-08
21,20,-2.686824735840E-08,1.620860571680E-08
21,21,8.303748739320E-09,-3.755461217420E-09
22,0,-1.137351242590E-08,0.000000000000E+00
22,1,1.623098656790E-08,-3.773034751530E-09
22,2,-2.640902613870E-08,-2.108324024280E-09
22,3,1.165800165400E-08,1.067646172220E-08
22,4,-2.709791414510E-09,1.749808205650E-08
22,5,-1.864526250100E-09,7.447181664760E-10
22,6,9.643907044060E-09,-6.373167439080E-09
22,7,1.597159817950E-08,4.396009429930E-09
22,8,-2.351574269980E-08,4.836736950860E-09
22,9,8.294357967370E-09,8.733821599860E-09
22,10,6.007040377010E-09,2.218541211090E-08
22,11,-4.960783015390E-09,-1.788226724740E-08
22,12,2.135023154630E-09,-7.961205225030E-09
22,13,-1.726318439790E-08,1.970268968920E-08
22,14,1.092971330180E-08,8.252809053010E-09
22,15,2.584108406290E-08,4.601729983180E-09
22,16,1.412585589210E-10,-7.182380053000E-09
22,17,8.892940968460E-09,-1.456183482460E-08
22,18,1.050474474640E-08,-1.642712754810E-08
22,19,1.413055091240E-08,-3.845371685990E-09
22,20,-1.676176554410E-08,1.995615133210E-08
22,21,-2.509487564550E-08,2.361513461330E-08
22,22,-9.595966948090E-09,2.498614138830E-09
23,0,-2.262010750820E-08,0.000000000000E+00
23,1,1.108702397580E-08,1.613791515300E-08
23,2,-1.351910277790E-08,-5.014117148520E-09
23,3,-2.451280114450E-08,-1.605704389980E-08
23,4,-2.398878745580E-08,7.315363622890E-09
23,5,7.996366241460E-10,-1.614497414100E-10
23,6,-1.260827813090E-08,1.613081556320E-08
23,7,-8.041321337620E-09,-1.116471974940E-09
23,8,7.537853264690E-09,-3.296799252200E-10
23,9,2.550532549500E-09,-1.280715255480E-08
23,10,1.651679291340E-08,-1.852396208530E-09
23,11,9.426568227250E-09,1.523861815830E-08
23,12,1.636326255350E-08,-1.240983278240E-08
23,13,-1.151078328080E-08,-4.842791716270E-09
23,14,6.753216022060E-09,-1.828999622120E-09
23,15,1.868980428600E-08,-3.605237544810E-09
23,16,6.138401218640E-09,1.103627072660E-08
23,17,-5.537210239100E-09,-1.284590604600E-08
23,18,8.433612638130E-09,-1.491159216050E-08
23,19,-5.208482283420E-09,1.077895939430E-08
23,20,8.604343968370E-09,-5.346416393720E-09
23,21,1.545781898670E-08,1.153333253580E-08
23,22,-1.784172064710E-08,4.330923489030E-09
23,23,2.853939801110E-09,-1.132329459700E-08
24,0,7.636573864110E-10,0.000000000000E+00
24,1,-3.149436814270E-09,-1.771911903960E-09
24,2,1.385955720930E-09,1.711040664000E-08
24,3,-4.764069135280E-09,-9.423293781250E-09
24,4,6.051080363410E-09,5.497699101910E-09
24,5,-7.294790474800E-09,-2.138264905040E-08
24,6,4.542103675350E-09,1.855966653180E-09
24,7,-6.142444892980E-09,4.700816679510E-09
24,8,1.548224444250E-08,-4.344720977870E-09
24,9,-9.766234257970E-09,-1.627551376200E-08
24,10,1.089346289740E-08,2.091687836080E-08
24,11,1.452807753370E-08,1.873980187970E-08
24,12,1.189703107170E-08,-6.229330981500E-09
24,13,-2.896766730580E-09,3.132512950240E-09
24,14,-2.000065586030E-08,-1.872496368210E-09
24,15,6.103963506980E-09,-1.589576805630E-08
24,16,8.887507533750E-09,2.964927033520E-09
24,17,-1.196299646110E-08,-5.820745939550E-09
24,18,-6.526306415550E-10,-1.013323558370E-08
24,19,-4.388965502640E-09,-8.145525699770E-09
24,20,-5.175519818510E-09,8.903549423780E-09
24,21,6.034367550460E-09,1.401160907410E-08
24,22,3.936402830550E-09,-4.283276557540E-09
24,23,-6.142834795500E-09,-8.692679021000E-09
24,24,1.239039213090E-08,-3.750592869590E-09
25,0,3.213092081150E-09,0.000000000000E+00
25,1,6.896492085670E-09,-7.995518294000E-09
25,2,2.194981391730E-08,9.013702491110E-09
25,3,-1.177749315870E-08,-1.267190243920E-08
25,4,9.425436289200E-09,6.849371993110E-10
25,5,-1.004974873390E-08,-9.221223996700E-10
25,6,1.668328716540E-08,4.305835761990E-10
25,7,7.714266816710E-09,-4.117032904250E-09
25,8,3.156519441500E-09,-7.819602176690E-10
25,9,-2.993853505150E-08,2.126954731990E-08
25,10,8.819318180340E-09,-4.180415861660E-09
25,11,1.234014856800E-09,1.080691281230E-08
25,12,-7.651467867550E-09,1.174737428600E-08
25,13,8.323081271580E-09,-1.130726046260E-08
25,14,-1.970421247940E-08,6.531834886350E-09
25,15,-4.357320529850E-09,-7.351472275730E-09
25,16,9.182395484550E-10,-1.281248885920E-08
25,17,-1.521765353790E-08,-3.212803979240E-09
25,18,1.219015342450E-09,-1.490404832590E-08
25,19,7.775891117570E-09,9.925187719410E-09
25,20,-7.508566706720E-09,-5.628261553050E-10
25,21,1.072328406800E-08,8.160901743810E-09
25,22,-1.399022359290E-08,3.585461983240E-09
25,23,8.402708536550E-09,-1.233384079610E-08
25,24,4.124471345690E-09,-8.307164653170E-09
25,25,1.074843667670E-08,4.723699139840E-09
26,0,5.058336354140E-09,0.000000000000E+00
26,1,-1.547561779650E-09,-7.700127888710E-09
26,2,-3.587298768360E-09,1.144841111820E-08
26,3,1.405056712670E-08,4.309055342940E-09
26,4,1.905487092160E-08,-1.941611796580E-08
26,5,1.071900254080E-08,9.089528518130E-09
26,6,1.131169094060E-08,-9.343933844490E-09
26,7,-1.562282956000E-09,4.811683024770E-09
26,8,3.949201463170E-09,1.153405253000E-09
26,9,-1.203714336380E-08,4.751770581340E-10
26,10,-1.412461243340E-08,-6.452172472940E-09
26,11,-5.203858576490E-09,2.124433404070E-09
26,12,-1.750711764840E-08,2.019749719380E-09
26,13,-3.357088352450E-11,1.504740916860E-09
26,14,7.963850514920E-09,7.847040688350E-09
26,15,-1.323887810890E-08,8.039600914420E-09
26,16,1.290932262530E-09,-6.114344557060E-09
26,17,-1.244941575640E-08,7.807748456400E-09
26,18,-1.303174244590E-08,4.999891625700E-09
26,19,-2.058074645950E-09,3.543961354380E-09
26,20,6.559521440180E-09,-1.168780411800E-08
26,21,-8.700388684540E-09,1.682222575640E-09
26,22,1.015804520490E-08,7.543585315760E-09
26,23,1.241050574360E-09,1.085800889350E-08
26,24,8.586203519670E-09,1.482885100990E-08
26,25,3.934415788730E-09,-5.977924158060E-10
26,26,3.931797495680E-10,1.938949977720E-09
27,0,2.771763223600E-09,0.000000000000E+00
27,1,2.489829094520E-09,3.773784553570E-09
27,2,1.452701464530E-09,5.031132680260E-10
27,3,-3.623068128560E-10,1.088457625000E-08
27,4,-5.991915371570E-10,9.405176812330E-09
27,5,1.676905608880E-08,1.383385872090E-08
27,6,3.642659898030E-09,6.130328077440E-09
27,7,-1.234592660090E-08,-3.865140759520E-09
27,8,-6.104076448200E-09,-8.995044715810E-09
27,9,3.401131570780E-09,1.109929386650E-08
27,10,-1.331588931870E-08,1.728322799150E-10
27,11,1.983228081070E-09,-9.690542544260E-09
27,12,-1.136954130440E-08,1.900729437810E-09
27,13,-4.972247812720E-09,-4.145215599960E-09
27,14,1.550339570880E-08,1.188212896900E-08
27,15,-1.800573261960E-09,1.176369862200E-09
27,16,2.757299528900E-09,2.787702691940E-09
27,17,3.792815717630E-09,3.149831010490E-10
27,18,-2.871440717150E-09,7.441905587180E-09
27,19,-3.265186147070E-10,-2.932435004550E-09
27,20,-8.551825618460E-10,3.476172081150E-09
27,21,4.868770309830E-09,-7.087252835400E-09
27,22,-5.743321000840E-09,2.900566873840E-09
27,23,-5.410334709410E-09,-1.104524336550E-08
27,24,4.169518859330E-10,-1.800381863070E-09
27,25,1.228154702120E-08,5.624251372850E-09
27,26,-6.594980751640E-09,-2.228384186390E-09
27,27,7.600673810590E-09,6.923874189200E-10
28,0,-9.103763758630E-09,0.000000000000E+00
28,1,-5.554849935870E-09,7.933001925800E-09
28,2,-1.518913121100E-08,-7.979570890120E-09
28,3,2.531825422400E-09,1.113730493920E-08
28,4,-1.992127521260E-09,1.250547047040E-08
28,5,1.088718757020E-08,-4.225738269890E-09
28,6,-5.221943160320E-09,1.326565097090E-08
28,7,-7.055888637460E-10,5.127409977110E-09
28,8,-4.237049763290E-09,-3.325844745530E-09
28,9,1.138424618590E-08,-1.041630108110E-08
28,10,-9.228678850820E-09,8.178518515930E-09
28,11,-2.980973425700E-09,-1.459445389490E-09
28,12,-4.834718632560E-10,9.649518450270E-09
28,13,1.649939749570E-09,6.638037686890E-09
28,14,-8.233348286190E-09,-1.269394922430E-08
28,15,-1.227747981870E-08,-1.975373662620E-09
28,16,-3.572806907090E-09,-1.358900447660E-08
28,17,1.337426281840E-08,-4.723742263190E-09
28,18,5.625323227480E-09,-3.872307273280E-09
28,19,5.771047096350E-09,2.350117342920E-08
28,20,-1.159221895210E-09,6.629399406620E-09
28,21,6.631543443750E-09,6.332012112230E-09
28,22,-1.942314516620E-09,-7.337252631070E-09
28,23,6.201581651020E-09,2.612024376820E-09
28,24,1.111862706210E-08,-1.356063787690E-08
28,25,7.294958961490E-09,-1.760414770310E-08
28,26,1.230849922590E-08,3.892518439390E-09
28,27,-8.119712067240E-09,1.302792285500E-09
28,28,6.987258783200E-09,6.805261679790E-09
29,0,-4.974064394730E-09,0.000000000000E+00
29,1,4.989790845850E-09,-9.825124611890E-09
29,2,-3.121197546210E-09,-2.634334876760E-09
29,3,1.825181204540E-09,-1.057699777510E-08
29,4,-2.427863149950E-08,2.261107586220E-09
29,5,-6.811030636700E-09,6.012425558170E-09
29,6,1.195928792110E-08,9.702006957400E-09
29,7,-5.911009342090E-09,-2.145997887340E-09
29,8,-1.694672355500E-08,1.111602768390E-08
29,9,-1.293711616900E-09,1.417935732260E-09
29,10,1.371846247980E-08,1.795434861670E-09
29,11,-5.962728858760E-09,6.333501809460E-09
29,12,-4.562789103570E-10,-5.012220088980E-09
29,13,-1.090959230490E-09,-2.341790143890E-09
29,14,-3.237189651140E-09,-4.583063250340E-09
29,15,-9.573597494060E-09,-6.775467258080E-09
29,16,1.374500634960E-09,-1.486452665400E-08
29,17,-1.576624155010E-09,-3.925066994340E-09
29,18,-3.675978408650E-09,-2.585495752940E-09
29,19,-6.300461435330E-09,5.868407082960E-09
29,20,-7.964463315310E-09,5.742399831270E-09
29,21,-9.872643028600E-09,-5.517006015960E-09
29,22,1.155748360580E-08,-1.476633008540E-09
29,23,-1.845767178990E-09,2.635467635160E-09
29,24,3.421996681190E-10,-2.382305811930E-09
29,25,5.858640383290E-09,8.683339585430E-09
29,26,7.870398353570E-09,-6.922329809210E-09
29,27,-7.983133008410E-09,-1.019032140910E-09
29,28,9.733555375260E-09,-5.712939586010E-09
29,29,1.282248437670E-08,-5.015484804820E-09
30,0,6.028820847590E-09,0.000000000000E+00
30,1,-5.575566155960E-10,1.242852756020E-09
30,2,-1.037064476900E-08,-2.618023224440E-09
30,3,2.146923006030E-09,-1.364641885010E-08
30,4,-4.550904334730E-10,-3.911172135050E-09
30,5,-4.369739774460E-09,-5.355589749830E-09
30,6,3.284512858150E-10,3.178082339810E-09
30,7,4.049232203090E-09,1.839624587790E-09
30,8,2.549528652360E-09,4.620582818540E-09
30,9,-7.325925111280E-09,-9.727781742400E-09
30,10,4.276094845550E-09,-4.108649618140E-09
30,11,-1.040430052270E-08,1.075814576510E-08
30,12,1.716222953020E-08,-1.084567755560E-08
30,13,1.421735870560E-08,2.968062263520E-09
30,14,5.115058608340E-09,8.072888112570E-09
30,15,2.105121468460E-10,-1.045411238360E-09
30,16,-1.089219204570E-08,4.352540635330E-09
30,17,-6.143824362710E-09,-6.031409385750E-09
30,18,-1.111492650900E-08,-7.655219579760E-09
30,19,-1.296739843300E-08,2.420056696940E-09
30,20,-4.892611720330E-09,1.276556844220E-08
30,21,-1.062847378100E-08,-5.975375874120E-09
30,22,-4.837632400010E-09,-9.377201111560E-09
30,23,5.741138854300E-09,-1.037560822220E-08
30,24,-2.352380207890E-09,-2.759093396200E-09
30,25,3.044264048560E-09,-1.548533892290E-08
30,26,1.221497876230E-09,1.240695516530E-08
30,27,-7.950638448630E-09,1.275294315930E-08
30,28,-5.471208002890E-09,-7.960062935130E-09
30,29,4.159229542400E-09,1.894891044170E-09
30,30,2.647940180060E-09,8.129947551780E-09
31,0,7.331000893180E-09,0.000000000000E+00
31,1,6.111693767340E-09,-1.607745408440E-08
31,2,7.496251061230E-09,6.377763224440E-09
31,3,-8.899209661890E-09,-7.655029441600E-09
31,4,1.225555807230E-08,-4.944664365750E-09
31,5,-8.712790640450E-09,3.083257473790E-09
31,6,-1.688908035850E-09,1.370362152700E-09
31,7,-2.719961335360E-09,-6.886251216800E-10
31,8,-7.502603553540E-10,2.281027242390E-09
31,9,-6.558404032720E-10,5.241790026170E-09
31,10,3.991616750270E-09,-4.735002021320E-09
31,11,6.935068927770E-10,2.086680688810E-08
31,12,5.528754098400E-10,4.520421670680E-09
31,13,9.403894235620E-09,4.668407857300E-09
31,14,-7.886507711670E-09,3.519524601470E-09
31,15,4.299547761320E-09,-2.808706843940E-09
31,16,-7.194302611730E-09,6.118050499790E-09
31,17,-2.538211689580E-09,6.830082167220E-09
31,18,-6.020993219960E-10,-2.041872869050E-09
31,19,2.890864823010E-09,4.439767916090E-09
31,20,-1.757321939140E-09,5.640819545580E-09
31,21,-9.671436692080E-09,7.093574080270E-09
31,22,-9.053120125200E-09,-1.183084174660E-08
31,23,8.322343538980E-09,4.517745725550E-09
31,24,-2.815650643660E-09,-3.343695137680E-09
31,25,-1.645742681690E-08,-2.204609089710E-09
31,26,-1.266530703560E-08,1.591893989910E-09
31,27,-1.349533058270E-09,1.075076500190E-08
31,28,1.042269184110E-08,2.807222949100E-09
31,29,-1.581268810300E-09,-2.182475106720E-09
31,30,-9.474167220010E-10,-7.780775256560E-09
31,31,-8.591934527150E-09,-1.852003164830E-09
32,0,-2.339662880320E-09,0.000000000000E+00
32,1,-1.692104860760E-09,1.277604679760E-09
32,2,1.139996626630E-08,-3.356091279160E-09
32,3,-1.444433154000E-10,4.054248309410E-09
32,4,8.563678291120E-10,-6.754224761070E-09
32,5,8.607762053330E-09,1.825722796460E-09
32,6,-1.004025686720E-08,-7.630561763400E-09
32,7,1.370586132780E-09,2.754653470350E-09
32,8,1.196535319080E-08,4.910182125480E-09
32,9,7.332252213000E-09,7.189715910520E-10
32,10,9.121335063790E-11,-5.706809274950E-09
32,11,-5.420437421270E-09,7.583606425000E-09
32,12,-1.702890592140E-08,1.408081686230E-08
32,13,4.021868220270E-09,5.349364919640E-09
32,14,-5.444203344370E-09,2.204106943160E-09
32,15,5.165802082800E-09,-8.747275317410E-09
32,16,4.148670612940E-09,4.272704200040E-09
32,17,-6.468577789060E-09,1.019164862150E-08
32,18,1.272863451170E-08,-1.121368880890E-09
32,19,7.551895369230E-10,-2.775465307300E-09
32,20,3.816105644200E-09,3.195348556530E-10
32,21,-2.332629967710E-09,1.164116502510E-08
32,22,-1.208806787620E-08,-2.726917932320E-09
32,23,8.186821221430E-09,-2.335497127220E-09
32,24,-3.550363156670E-09,6.548347638610E-10
32,25,-1.893749925030E-08,-6.434295328480E-09
32,26,5.225355314920E-09,-3.688562212410E-09
32,27,-4.537400852140E-09,-6.680755601110E-09
32,28,1.653041745000E-09,-5.731303407720E-09
32,29,4.327681929650E-09,2.881798899340E-09
32,30,-6.748058662940E-09,1.393462685460E-09
32,31,-6.267402517660E-09,-2.184756081710E-10
32,32,3.397566033100E-09,1.426461651550E-09
33,0,-3.493571794980E-09,0.000000000000E+00
33,1,-1.396429134450E-09,-2.163917608110E-09
33,2,-7.487741948960E-09,-5.018720815200E-10
33,3,-1.996619557930E-09,7.093041026800E-09
33,4,-4.270199819000E-09,2.274266566980E-09
33,5,2.377847297290E-10,3.744391694510E-09
33,6,1.226030399210E-09,-2.873283008360E-09
33,7,-6.112150860760E-09,2.493833663160E-09
33,8,-8.231444050570E-10,1.449155554070E-08
33,9,5.050973920330E-09,7.405174690200E-09
33,10,-2.397099233170E-09,1.070229067580E-09
33,11,2.433888364430E-09,-8.670718134870E-09
33,12,-2.335105323290E-09,8.943506989100E-09
33,13,2.604153819300E-09,3.138057509810E-09
33,14,4.929596623020E-09,5.712045506170E-09
33,15,-4.641453033960E-09,-3.478353023250E-09
33,16,7.395305175710E-09,6.286131892830E-09
33,17,-5.730645905510E-09,1.287791149270E-08
33,18,-9.742859335620E-09,-1.895981245920E-09
33,19,8.524473311560E-09,2.075617172460E-09
33,20,-3.326275003090E-09,-7.776899990530E-09
33,21,9.387616723870E-10,8.177875986740E-10
33,22,-1.054399408750E-08,-1.561902273920E-08
33,23,1.158962503140E-10,-1.013563507670E-08
33,24,1.114160745270E-08,-8.571537764840E-09
33,25,5.247305323750E-09,-1.049416565370E-08
33,26,1.095900055960E-08,4.540414402500E-09
33,27,-1.327729081470E-09,1.261541619420E-09
33,28,1.759433814210E-09,-1.020603464150E-09
33,29,-1.630751286330E-08,5.721913288910E-09
33,30,-1.569770642770E-09,-1.845794022640E-08
33,31,4.694818688530E-09,1.022900500280E-09
33,32,6.567759190220E-09,-4.397119133980E-09
33,33,-1.520438503030E-09,8.312630045290E-09
34,0,-9.088333404470E-09,0.000000000000E+00
34,1,-2.768897950470E-09,6.389189702100E-09
34,2,6.768819065400E-09,5.300821186960E-09
34,3,1.254296697860E-08,8.116196698340E-09
34,4,-8.300054175040E-09,1.195868702720E-09
34,5,-3.881316856380E-09,3.549634499770E-09
34,6,4.840937095790E-10,7.629754802930E-09
34,7,2.751257932390E-09,-6.562635731630E-09
34,8,-9.834468075920E-09,4.687514780210E-09
34,9,1.530424946640E-09,2.101656978290E-09
34,10,-7.526332423890E-09,1.465442297810E-09
34,11,-3.820434315060E-09,-1.078297355990E-09
34,12,1.426293622620E-08,-4.600636429680E-09
34,13,-3.562409842550E-09,1.033295230960E-09
34,14,-2.501876643920E-09,9.646869082410E-09
34,15,3.759398041570E-10,6.262862497700E-09
34,16,-1.458740427130E-09,-1.493809290800E-09
34,17,-4.737475705120E-09,3.936988293890E-09
34,18,-1.474887013450E-08,-5.381979988170E-09
34,19,-3.598375688970E-09,7.153020155830E-09
34,20,3.644668596550E-09,-1.018241473460E-08
34,21,-9.819802970660E-10,-7.421664565480E-09
34,22,-3.181522154060E-09,3.366201750350E-09
34,23,-1.129731205700E-09,-1.189819021720E-08
34,24,8.780790449540E-09,4.204361580370E-09
34,25,8.410971702480E-09,-9.863008152660E-09
34,26,3.999643842310E-09,-1.293600146910E-08
34,27,1.315661962080E-08,-3.911378364090E-09
34,28,-1.653206047130E-10,-2.003706538580E-08
34,29,7.081516766810E-09,-4.315635741130E-09
34,30,-2.056660356770E-08,-5.869489469520E-10
34,31,-4.574112681110E-09,-1.608527801250E-09
34,32,9.140335934740E-09,2.316451382640E-09
34,33,1.376179379670E-08,4.354719864600E-09
34,34,-8.540119981550E-09,1.653645990230E-09
35,0,8.604431584920E-09,0.000000000000E+00
35,1,-1.076311761680E-08,-1.035762882190E-08
35,2,-1.481667498070E-08,7.473168452230E-09
35,3,1.886239003050E-09,3.499676794650E-09
35,4,-2.823385231080E-09,9.206749379210E-09
35,5,-7.236884434160E-09,-1.154787961460E-08
35,6,3.287083204360E-09,7.901422644830E-09
35,7,-3.458298263670E-09,4.713868397160E-09
35,8,4.159112286860E-09,9.214869654230E-09
35,9,-7.835845930220E-10,-1.087807005950E-09
35,10,-2.630781245960E-09,1.144376698250E-08
35,11,3.113528421900E-09,-3.115089421420E-09
35,12,8.104321659030E-09,-6.432339567800E-09
35,13,-1.608703809880E-09,3.028529254420E-09
35,14,-7.165111869470E-09,-7.027370469170E-09
35,15,-1.536905641230E-08,8.759849247170E-09
35,16,-6.897720477030E-09,-7.368270475840E-09
35,17,7.037558990270E-10,-8.829204857730E-09
35,18,-5.552476614980E-09,-1.147104779590E-08
35,19,-1.071124992730E-09,-3.418541194120E-09
35,20,9.927023058370E-10,-1.135737452080E-10
35,21,1.293337856630E-08,-8.176577953860E-10
35,22,7.514794775950E-09,5.722993090800E-09
35,23,-8.163912422160E-09,-2.224426125320E-09
35,24,2.784350905170E-09,6.384996071760E-09
35,25,7.168589341560E-09,1.997811036450E-09
35,26,-4.703002323050E-09,4.614889431080E-09
35,27,1.096020890940E-08,-1.338126357960E-08
35,28,7.881594607160E-09,-1.536730248390E-08
35,29,7.707868107660E-09,3.401407546690E-09
35,30,-4.051928399300E-09,2.873706162240E-09
35,31,7.841402043150E-09,4.041248078800E-09
35,32,-3.162679017770E-09,-7.418580642210E-09
35,33,5.860963396600E-09,-3.077393909050E-09
35,34,-1.216320996740E-09,2.667174009380E-09
35,35,-5.878657294100E-09,-5.012306380020E-09
36,0,-4.025906042430E-09,0.000000000000E+00
36,1,-1.133866863860E-09,5.149826532830E-09
36,2,-4.315759014480E-09,-3.402110316550E-09
36,3,7.004092804440E-11,-1.588956729210E-08
36,4,3.009611299350E-09,1.389172185380E-09
36,5,-7.422615355130E-09,1.403378601900E-09
36,6,1.085460245680E-08,-3.163119432260E-09
36,7,1.708138061470E-09,6.176802101540E-09
36,8,3.449393602460E-09,-5.037678578610E-09
36,9,2.921922194930E-09,-3.740281137080E-10
36,10,4.231196817030E-09,6.835031437880E-09
36,11,-4.100392326420E-09,4.751182944750E-09
36,12,4.872049628370E-10,-9.845877146750E-09
36,13,-6.154169635070E-09,8.031811355600E-09
36,14,-1.041416827640E-08,-5.942035747620E-09
36,15,9.548924090440E-10,3.333105741720E-09
36,16,1.255059135980E-09,-1.605694061160E-10
36,17,4.950661860340E-09,-8.653140224770E-09
36,18,1.771842020150E-09,4.460334007700E-09
36,19,-5.251492175650E-09,-6.653194861150E-09
36,20,-6.037933469560E-09,3.526276605970E-09
36,21,1.069089247300E-08,-5.679489150260E-09
36,22,3.213561300340E-09,1.612341214610E-09
36,23,-3.611601995010E-10,2.748919170690E-09
36,24,2.106628699870E-09,-4.245149987560E-09
36,25,4.349792921400E-09,1.560714734600E-08
36,26,3.687625670310E-09,9.371751137140E-09
36,27,-7.912294643620E-09,8.829968106300E-09
36,28,2.226379768240E-09,-4.343726174050E-09
36,29,1.845116758390E-09,2.073447183400E-10
36,30,-1.004115159550E-08,6.054132936080E-09
36,31,-8.390844422980E-09,-5.540474455980E-09
36,32,1.256542071090E-08,2.304762356250E-09
36,33,3.899576066370E-09,-3.503408568930E-09
36,34,-9.086932826630E-09,4.357769767150E-09
36,35,-1.388125032720E-10,-1.255272910760E-08
36,36,4.601464657200E-09,-5.942453363140E-09
37,0,-6.268779579280E-09,0.000000000000E+00
37,1,-5.443219376730E-09,-1.119720406280E-09
37,2,-4.222469929540E-09,-1.376536864950E-08
37,3,-5.071907736520E-09,-7.096327636650E-10
37,4,5.635434160510E-09,4.452261389390E-10
37,5,-9.743780120770E-09,-5.571059001190E-10
37,6,-2.073674534690E-09,7.873278010010E-09
37,7,6.605991615870E-09,8.678772716070E-09
37,8,-2.132585258950E-09,-2.149230781100E-09
37,9,2.240916004420E-09,-1.868363282960E-09
37,10,2.041577442290E-09,2.398260468600E-09
37,11,1.134972338050E-09,3.686933175180E-09
37,12,-3.260210939740E-09,-5.251229260970E-09
37,13,-1.538507953930E-10,-8.314457133140E-09
37,14,-2.550365811840E-09,-1.124263754940E-09
37,15,1.003907760440E-08,-9.425420106090E-10
37,16,3.493685606290E-09,1.339186703030E-08
37,17,5.534148403360E-09,-4.228162239100E-09
37,18,1.733161724150E-09,3.805320447350E-09
37,19,-6.747707951350E-09,-5.734985878550E-10
37,20,-7.216807582060E-09,-1.011040231090E-09
37,21,1.475797319620E-09,-1.508076629820E-09
37,22,6.495381648300E-09,2.886599048200E-10
37,23,-5.056038003860E-10,4.159919427060E-09
37,24,-8.281582396210E-09,-8.731897549300E-09
37,25,6.664338214560E-09,-1.984853299130E-09
37,26,4.876674057850E-09,1.048526392700E-08
37,27,-5.535078360780E-09,4.400415593260E-09
37,28,1.271113940200E-08,3.985262991080E-09
37,29,4.693466435210E-09,6.800436949060E-09
37,30,-8.950698498520E-09,1.257788871760E-08
37,31,3.754702168640E-09,-9.242051298660E-09
37,32,-3.692487507400E-11,3.997218271790E-09
37,33,1.818750905500E-09,-1.664976141640E-08
37,34,2.607622759230E-09,5.187930363020E-10
37,35,-1.019692950050E-08,-8.481655572150E-09
37,36,-3.573775148320E-09,-4.800195366380E-09
37,37,6.004019892180E-09,-4.341380833630E-09
38,0,-2.502155639040E-09,0.000000000000E+00
38,1,3.094662651870E-09,4.699763678460E-09
38,2,8.191906424990E-09,-2.921687425720E-10
38,3,-2.526476308950E-09,-9.330256089070E-10
38,4,5.073600179200E-09,-4.184738965870E-09
38,5,-9.250373236660E-09,7.386333764890E-09
38,6,-1.400488152730E-08,3.141761717590E-09
38,7,1.545010491890E-09,-2.780478418510E-09
38,8,3.140198109060E-09,4.333151960980E-09
38,9,4.654738226860E-09,-7.837513001430E-10
38,10,-1.772028658400E-09,-6.303690005900E-09
38,11,2.854777475340E-11,8.944703235020E-09
38,12,-3.613171465900E-09,-6.757007708850E-09
38,13,1.490049248560E-09,-1.047099702290E-08
38,14,-6.893574454220E-09,3.947575018290E-09
38,15,2.720243341190E-09,-3.294539266340E-09
38,16,-5.384177499490E-09,9.758742652300E-09
38,17,3.894283584560E-09,2.014238431720E-09
38,18,1.005388051450E-08,-2.616473379750E-09
38,19,9.928810445110E-10,-6.150519643310E-10
38,20,4.031035606580E-09,-2.094993484110E-09
38,21,-1.624230779720E-09,3.927379974940E-09
38,22,1.027062331440E-09,7.869694151610E-09
38,23,-1.779555379880E-09,5.417378928760E-09
38,24,-1.277054508940E-08,1.145838932030E-09
38,25,-2.699177856990E-09,-2.264212407910E-09
38,26,-2.735181743870E-09,6.159985950510E-09
38,27,-1.921933035600E-09,8.739777785440E-09
38,28,-4.821977245670E-09,-5.189260254630E-09
38,29,6.334897718690E-09,3.271183779400E-09
38,30,-1.281435861750E-10,2.169564192470E-09
38,31,3.876636131040E-09,-7.682541381980E-09
38,32,8.287519810490E-09,1.786935151510E-09
38,33,2.523858045630E-09,1.425588251170E-08
38,34,-9.552997027930E-09,3.282741761800E-09
38,35,4.809250139500E-09,2.338354917070E-09
38,36,1.150903811320E-09,-6.842422682140E-10
38,37,-3.409785315590E-09,2.069942071670E-09
38,38,3.063492324330E-09,-2.138878504770E-09
39,0,1.740806835530E-09,0.000000000000E+00
39,1,-2.570531356120E-09,5.384836810010E-09
39,2,2.772283607290E-09,7.043582596140E-09
39,3,-3.323541187700E-09,6.241161164030E-09
39,4,-5.515359945290E-09,-4.913426547950E-09
39,5,5.470403754390E-09,1.660106983510E-09
39,6,-4.459099279310E-09,2.797335827820E-09
39,7,1.750013392010E-09,-1.650331238450E-09
39,8,2.311456219420E-09,1.154033933960E-08
39,9,7.003496111110E-09,3.740305620900E-09
39,10,6.197134244330E-10,-2.785025024270E-10
39,11,1.487935754240E-08,-2.398015298130E-09
39,12,-4.067743386850E-09,8.939576380620E-09
39,13,-1.952373513880E-09,-7.719371806180E-09
39,14,-3.652163285340E-09,2.787683204870E-09
39,15,-5.492368168010E-09,-3.977213472610E-10
39,16,1.452068355280E-09,-1.854948797380E-09
39,17,-8.468392835930E-10,-1.469560965730E-09
39,18,2.712758959760E-09,-8.675873172740E-10
39,19,5.112403305830E-09,6.247279535700E-09
39,20,-6.462821654040E-11,-9.928827738910E-09
39,21,-5.160941937730E-09,1.942356880590E-09
39,22,-6.712436234870E-09,-8.061254976640E-10
39,23,-3.229212275350E-09,5.927011413370E-09
39,24,-1.018823220240E-08,7.750276441120E-09
39,25,-5.128413416300E-09,-6.300127897740E-09
39,26,-3.824525688110E-09,8.658643001940E-09
39,27,-8.225258523680E-09,-2.012886387840E-09
39,28,-2.823781541450E-09,-1.066366075760E-08
39,29,-2.165152680740E-10,-3.064116486570E-09
39,30,4.390997973190E-09,-1.051442743620E-08
39,31,1.435791389690E-09,-1.131550019820E-08
39,32,3.096320413120E-09,5.556561995280E-09
39,33,-5.554414161430E-09,3.562224569710E-09
39,34,-1.986883495660E-09,3.366497880260E-09
39,35,-1.360246446290E-08,2.222810049590E-09
39,36,3.805309103260E-09,-3.453004765330E-09
39,37,1.323240296530E-09,-4.537044707660E-09
39,38,-1.499883602220E-09,6.447102281960E-09
39,39,-8.752845336010E-10,1.324727701800E-09
40,0,-6.697129416050E-09,0.000000000000E+00
40,1,2.981192061290E-09,-1.676716023210E-10
40,2,-5.512298382040E-10,-1.111209073820E-09
40,3,1.009670338740E-10,-2.066450392780E-09
40,4,5.673714957280E-09,-7.218195871590E-09
40,5,1.342709998960E-08,-1.890359125010E-10
40,6,-3.484362457790E-10,4.260228562960E-09
40,7,-2.474506957370E-09,2.388701127780E-09
40,8,6.807945656320E-09,3.820712344230E-09
40,9,-6.904901659580E-10,1.970151966060E-09
40,10,-5.248062556040E-09,3.062982145830E-09
40,11,3.476778078710E-09,-4.166595629490E-09
40,12,6.546195732800E-09,1.948840888890E-10
40,13,-2.491105930730E-09,-4.298035504420E-09
40,14,-5.319900943420E-10,9.008893216680E-10
40,15,-4.954746349550E-09,-5.736053106550E-10
40,16,-8.089694660660E-10,-3.323484952900E-09
40,17,1.130766850920E-09,1.874483170140E-09
40,18,-4.418793772590E-10,7.153967593850E-10
40,19,-2.310757780030E-09,7.406777148670E-10
40,20,-7.899368997840E-09,6.984342900800E-09
40,21,-4.414751030690E-09,-6.440321740410E-10
40,22,-1.471379461970E-08,-1.572040385210E-08
40,23,-6.255647221880E-10,-1.232584492680E-08
40,24,4.042067407730E-09,3.832949653190E-09
40,25,4.063005554300E-10,-4.168036303190E-09
40,26,6.773640700240E-09,-4.632966220410E-09
40,27,-1.969350678260E-09,1.677887419270E-09
40,28,2.023035360540E-09,7.027449889570E-09
40,29,2.445430581630E-09,2.153886130160E-09
40,30,1.111634523520E-10,1.060540766620E-09
40,31,-6.079859901060E-09,-1.406991976280E-09
40,32,-2.425362386930E-09,-5.773921789630E-09
40,33,-1.509365073520E-09,-9.128313299290E-10
40,34,6.782766459790E-10,9.662977737640E-10
40,35,7.622620768750E-09,-8.420371387780E-09
40,36,4.763069213080E-09,5.099336686090E-09
40,37,-5.931995110850E-09,1.637826127180E-09
40,38,4.436815841830E-10,4.452304707790E-09
40,39,6.731381584520E-09,3.182141043800E-09
40,40,-1.122280650520E-09,-2.258856180940E-10
41,0,-4.135254374990E-09,0.000000000000E+00
41,1,-4.902746800150E-09,-4.134214654800E-09
41,2,2.890523094740E-09,1.770802625810E-09
41,3,5.208478798100E-09,2.629101807290E-09
41,4,-1.912303135970E-09,4.995204255130E-09
41,5,4.439645101220E-09,-3.405201646390E-09
41,6,3.373165588390E-09,2.089851881700E-09
41,7,2.062278313550E-10,3.270198481480E-09
41,8,-2.151208460290E-09,-4.246456586210E-09
41,9,-5.914131295560E-10,3.437802052860E-09
41,10,4.979372647430E-09,1.526296997230E-09
41,11,5.120731129300E-09,-6.763555559640E-09
41,12,4.562424385970E-09,4.261456325890E-10
41,13,-1.903504182200E-09,4.242200101250E-09
41,14,4.134630161040E-09,-1.225831821090E-09
41,15,-1.246896856610E-09,3.066814708190E-09
41,16,-6.347471215260E-10,-4.308651198540E-09
41,17,-2.068766345500E-09,3.542318376080E-09
41,18,-2.258482206910E-09,4.389156381810E-09
41,19,-2.879054093330E-09,-6.985565787230E-10
41,20,-2.226106329630E-09,-6.843399492150E-10
41,21,-1.355575985740E-09,-3.869659902170E-09
41,22,-1.082136593460E-08,-3.189006097620E-09
41,23,9.058203614270E-10,-1.561879846630E-08
41,24,6.167781248630E-09,-1.608786244140E-09
41,25,3.538519840610E-10,3.059843096420E-09
41,26,7.548488751170E-09,-8.457874537990E-09
41,27,1.641164338030E-09,-4.055782787720E-10
41,28,-1.650989511990E-09,-4.696391629830E-09
41,29,-5.443795858320E-09,6.376582663510E-09
41,30,2.224024420970E-09,-4.310301853290E-10
41,31,1.073619985020E-08,1.055560711750E-09
41,32,-2.672676712940E-09,3.896466044530E-09
41,33,-3.341207658670E-09,1.053678692660E-08
41,34,-2.888952643080E-09,4.059117121570E-09
41,35,-1.375090444160E-08,2.844469680170E-09
41,36,3.637612043870E-09,-3.624279814390E-09
41,37,1.807482353080E-09,-1.089077045750E-08
41,38,-1.058877841610E-08,-5.381928905540E-10
41,39,-5.238761301590E-09,-3.061018140340E-09
41,40,4.219713981400E-09,-4.818447849390E-09
41,41,4.330499948460E-09,7.116011844780E-09
42,0,-1.333547921150E-09,0.000000000000E+00
42,1,-2.913397670220E-09,2.067229614400E-09
42,2,-2.257627403420E-09,-1.913505753260E-09
42,3,1.004258681320E-09,8.905664237090E-09
42,4,5.492930491200E-09,1.460330515680E-09
42,5,-9.140607680470E-09,-4.050254655160E-09
42,6,2.519091125930E-09,-8.304140013490E-10
42,7,4.331499033260E-09,-1.818676453190E-09
42,8,2.314670367200E-09,6.468865579660E-10
42,9,5.804157665350E-10,2.639248730140E-09
42,10,5.358615389630E-09,6.872376247740E-09
42,11,-8.103562632730E-10,2.772880867480E-09
42,12,5.188339319870E-09,-1.063008811800E-08
42,13,6.961741315690E-10,5.522400533770E-09
42,14,-6.834146037370E-09,5.975333445320E-09
42,15,-1.152658424270E-09,6.353370043640E-09
42,16,2.713467102420E-09,-2.385026684970E-09
42,17,-1.798708225290E-09,-4.109817150560E-09
42,18,-1.314418148820E-08,1.788004821900E-09
42,19,-2.808864463650E-09,-5.888533920340E-09
42,20,5.674926203310E-09,6.407916294690E-10
42,21,2.415054149340E-09,-5.607370905880E-09
42,22,1.513811901510E-09,-3.402509473940E-09
42,23,-3.278443358460E-09,-5.636299389860E-09
42,24,4.822564266820E-09,1.209396129600E-09
42,25,-4.254478768880E-09,4.343048891310E-09
42,26,-1.781547127950E-09,-6.254598668530E-09
42,27,8.060484013240E-09,-2.344734088740E-09
42,28,-3.522648458340E-09,1.964846529340E-09
42,29,-6.529767482850E-09,-1.278652818670E-09
42,30,2.961689154070E-09,1.453455010630E-09
42,31,5.227719352110E-09,4.842940839940E-09
42,32,7.009674833970E-09,5.216350054690E-09
42,33,5.684198706730E-09,5.820922694900E-09
42,34,2.491337802050E-09,1.115609098020E-08
42,35,-5.425183928860E-09,-1.144226107010E-09
42,36,4.430626942750E-09,-5.401592366900E-09
42,37,-5.905378744180E-09,2.384471056990E-09
42,38,2.618753283090E-09,-1.316460343180E-08
42,39,4.311419606050E-09,1.025332507170E-08
42,40,1.480715239790E-09,-2.900136204390E-09
42,41,1.462080181060E-09,2.157122946380E-11
42,42,-7.178961519180E-09,3.057742419430E-09
43,0,4.800165595710E-09,0.000000000000E+00
43,1,-2.991635127480E-09,1.405103718920E-09
43,2,-9.955365204550E-09,-6.782596994730E-10
43,3,3.169180839900E-09,-1.574981109100E-10
43,4,1.189355317940E-09,1.813934202910E-09
43,5,-8.805297833510E-09,7.163576911100E-09
43,6,5.978940573860E-09,2.945908949490E-10
43,7,-1.522273928160E-09,4.895801256060E-09
43,8,5.575028782730E-11,2.798987091980E-10
43,9,-2.421886947170E-09,-7.090464961800E-09
43,10,2.876375694290E-10,1.900819151900E-09
43,11,-3.435182247910E-09,5.953502142030E-09
43,12,-2.472699241550E-09,1.922109042940E-09
43,13,1.969661197840E-09,-3.461143433450E-09
43,14,-5.668188761420E-09,3.256295790610E-09
43,15,3.547664464360E-09,5.995119817890E-09
43,16,2.733116248140E-10,2.772290886690E-10
43,17,3.942329065930E-09,-4.531975505150E-09
43,18,-3.663292003650E-09,-5.141145710970E-09
43,19,-4.351660628610E-09,-7.098159952770E-09
43,20,-6.957619729860E-10,3.540670770720E-10
43,21,3.899942501340E-09,4.955346244190E-09
43,22,6.927774549170E-09,-1.966085826590E-09
43,23,4.670995326260E-10,-6.080557805580E-09
43,24,6.386141487310E-09,-1.711836503800E-09
43,25,4.220063948100E-10,3.201738960080E-09
43,26,-3.497750865620E-09,3.571442919600E-09
43,27,4.348879284700E-09,8.999898676350E-10
43,28,-9.577277395740E-10,7.928981927890E-09
43,29,-1.051477577590E-09,1.148869265590E-09
43,30,-1.035968394920E-08,-8.234887916430E-09
43,31,-4.537060354330E-09,-8.685092614570E-10
43,32,-3.640727610920E-09,5.351435291790E-09
43,33,6.050067170580E-09,-1.140655597630E-09
43,34,2.989564721430E-09,4.161613978270E-10
43,35,-1.288082447270E-09,5.505820281900E-09
43,36,6.529034317780E-10,-3.629948077870E-09
43,37,3.173445933620E-09,6.011471515700E-09
43,38,-5.818958141170E-09,1.748125795710E-10
43,39,4.963242045100E-09,-2.395468766330E-09
43,40,1.159857547140E-08,5.031992163330E-11
43,41,-3.167878868180E-09,3.124734009900E-09
43,42,-7.440309432750E-09,4.278346909720E-09
43,43,-2.084751806810E-09,-8.966589736710E-09
44,0,7.165972711690E-10,0.000000000000E+00
44,1,4.353595497730E-09,-8.034762022140E-10
44,2,-3.791207243650E-10,2.366634341500E-09
44,3,-1.950428792300E-10,-3.501894314830E-09
44,4,2.638121727220E-09,-2.142411094850E-09
44,5,1.224841731720E-09,3.339122383120E-09
44,6,-8.216652903210E-09,3.425708046300E-09
44,7,2.988516214140E-09,1.046008487460E-08
44,8,-2.655537325020E-09,3.884521302130E-10
44,9,-4.012268776260E-10,-6.428380633060E-09
44,10,-5.278914501160E-09,-6.095998701230E-09
44,11,-2.170056463380E-09,-1.097912691210E-09
44,12,-4.439836955210E-09,-2.188994138840E-09
44,13,2.536624988280E-09,-4.267515043790E-09
44,14,-5.407746761760E-09,-3.747241285840E-09
44,15,2.202733272420E-09,-6.384410900110E-09
44,16,4.565971665110E-09,4.845739152460E-09
44,17,4.415445570490E-09,1.542024185430E-09
44,18,5.679065704430E-09,-4.175593381920E-09
44,19,-6.734474474710E-10,-4.671897916450E-09
44,20,-4.561573532630E-10,6.303128480840E-10
44,21,-7.377367881130E-09,1.986637679210E-10
44,22,6.928759628480E-09,2.071094995620E-09
44,23,1.015504087950E-09,9.649453796540E-09
44,24,3.019221426120E-10,-6.513423277000E-09
44,25,2.903615796070E-09,1.106613001380E-09
44,26,-4.478760013530E-09,1.278914120670E-09
44,27,2.515510118010E-09,-2.770434113930E-09
44,28,-9.056786327170E-10,5.544946607870E-09
44,29,-6.988660522270E-09,4.490267487880E-09
44,30,4.789816050300E-09,1.821431008010E-09
44,31,-6.346032704530E-10,2.651293352210E-09
44,32,-4.235846571120E-09,7.981913623800E-10
44,33,-3.756713929950E-09,2.899542827770E-10
44,34,-3.345920629570E-09,5.901122773680E-09
44,35,-7.422091263790E-09,-3.126513334370E-09
44,36,3.534651033610E-09,-7.507927653140E-09
44,37,9.777433294930E-09,7.491759461040E-09
44,38,4.505235620780E-09,-6.077228873640E-09
44,39,6.827236008260E-09,2.671913541660E-09
44,40,-3.602297350000E-09,7.436406608180E-09
44,41,3.059183589460E-09,-2.199759228560E-09
44,42,-8.047526206110E-10,-7.488158529580E-10
44,43,2.638036200470E-09,-3.006160634320E-09
44,44,3.029147832800E-09,-1.616472431030E-09
45,0,-4.205621941550E-09,0.000000000000E+00
45,1,4.437904015200E-09,-5.516641322920E-09
45,2,1.184581457110E-09,-2.844267260420E-09
45,3,-3.070240060650E-10,-6.083236667790E-09
45,4,-4.170745725140E-10,1.047954696530E-09
45,5,3.132516693160E-09,-1.386722727330E-09
45,6,-5.581278422370E-09,-4.547110735660E-10
45,7,1.449701243110E-12,2.603160936040E-09
45,8,-3.549789197180E-09,4.565636621870E-10
45,9,6.831453002810E-09,-4.648437341350E-09
45,10,-1.372445115580E-09,-2.433110086830E-09
45,11,1.148219638630E-09,-2.973877452350E-09
45,12,-4.820959726200E-09,-2.341534946030E-09
45,13,-4.916036990640E-09,-2.889449348210E-09
45,14,2.194735711810E-09,-5.069570473690E-09
45,15,-3.148927577090E-09,-1.495870860330E-12
45,16,6.631618501960E-09,4.675521363100E-10
45,17,2.495971564080E-09,-1.676903345220E-09
45,18,2.454676373420E-09,-4.288990685290E-09
45,19,-5.131373941490E-09,-2.213149084100E-09
45,20,5.560746998360E-09,4.142503812610E-09
45,21,-3.469094933200E-09,-5.588768329060E-10
45,22,3.185485821810E-09,5.026943892870E-09
45,23,2.225202739840E-09,5.158341141680E-09
45,24,-1.103864309440E-08,4.662949477820E-09
45,25,8.186396108000E-09,-3.381190946740E-09
45,26,-2.178297673350E-09,5.904222717350E-09
45,27,-6.372122757360E-09,3.426836113660E-10
45,28,5.557680241880E-09,-1.534927420260E-10
45,29,-7.561518762060E-09,-2.520091435100E-09
45,30,-1.782043858660E-09,-1.165763541420E-10
45,31,-1.816470755690E-09,-4.896599640220E-09
45,32,-2.173184034480E-09,-2.981375386310E-09
45,33,-1.677874778370E-09,-2.763030954520E-09
45,34,-2.458685391820E-09,6.100491821420E-09
45,35,-7.251608771010E-09,7.147950603720E-09
45,36,-8.315208278690E-09,6.914732317070E-09
45,37,-5.900759893950E-09,3.865104196110E-09
45,38,-4.575754576600E-09,3.519948774150E-09
45,39,-2.352068571360E-10,-8.142449528980E-09
45,40,4.129591946890E-09,-3.331533501920E-09
45,41,1.151775018060E-09,1.235631761110E-09
45,42,-1.479546111490E-09,-1.195731214460E-08
45,43,4.292084923890E-09,2.416969125300E-09
45,44,1.168960201120E-08,3.793381579740E-09
45,45,-2.116114555480E-09,-1.862682833220E-10
46,0,-2.700124150430E-09,0.000000000000E+00
46,1,1.803105348130E-09,1.019755297190E-09
46,2,5.498589506430E-09,1.693861927910E-09
46,3,-2.172273472920E-09,3.135516204490E-11
46,4,5.663073662420E-10,-7.335529168110E-09
46,5,-3.922256736040E-09,-9.879384462920E-09
46,6,-5.197905878460E-09,-3.665452552750E-09
46,7,5.492830212300E-09,-7.681959977130E-09
46,8,2.170330957770E-09,3.177877874430E-09
46,9,9.962999250610E-09,5.930333507140E-09
46,10,2.106826655790E-09,-7.493203155460E-10
46,11,-3.673310032640E-09,-3.298752227530E-09
46,12,-9.890041466320E-10,-7.702804156690E-10
46,13,-5.474936538900E-09,-9.897892007760E-10
46,14,-4.117113854090E-10,2.899684764000E-10
46,15,-5.646983958690E-09,-2.330491438860E-09
46,16,2.907415183860E-09,5.436269435210E-09
46,17,-3.728242137920E-09,-6.683971430950E-10
46,18,2.546144825970E-09,-5.155773935390E-09
46,19,-5.093228813030E-10,-2.191427421970E-09
46,20,-3.260469487700E-09,-4.458928556720E-09
46,21,-5.443201951640E-09,4.863931781270E-09
46,22,6.011897179550E-09,1.185393572900E-09
46,23,2.498135519130E-09,4.722635925980E-09
46,24,-4.678933595450E-09,-3.017402567720E-10
46,25,4.118193423440E-09,-7.980767339080E-09
46,26,3.904452519620E-09,1.091379184410E-08
46,27,-2.314595722990E-09,-1.312451503090E-10
46,28,-5.124974826090E-10,-5.282119280640E-09
46,29,-2.208833125440E-09,-2.107496328390E-09
46,30,-5.257810513720E-09,-7.850757494980E-09
46,31,-2.421544878070E-09,8.852823076960E-11
46,32,-1.700763189650E-09,-3.120349198550E-09
46,33,1.499412908820E-08,-2.894110084220E-10
46,34,-1.779255135430E-09,4.038713574360E-09
46,35,-6.428834443760E-09,9.615612498610E-10
46,36,-2.627832313850E-10,-2.294874403930E-09
46,37,-3.729320263050E-09,6.206015394460E-09
46,38,-6.235879495350E-09,-2.844551586440E-09
46,39,7.901674445350E-09,-6.707042394940E-10
46,40,1.178020759780E-09,-1.178817755870E-09
46,41,-3.705494924600E-10,-5.224046690930E-09
46,42,9.592919770840E-10,6.553234020520E-09
46,43,-2.408527417460E-09,1.176164217030E-08
46,44,2.235745321650E-09,-3.228559043930E-09
46,45,-1.717837162220E-09,5.668516923850E-09
46,46,-4.191034724380E-10,-2.965750337630E-09
47,0,-1.901542086150E-10,0.000000000000E+00
47,1,-6.272334337540E-09,-1.515175144900E-09
47,2,4.016915657000E-09,-1.000850452210E-09
47,3,2.593778565010E-09,2.472310378160E-09
47,4,-1.044433252440E-09,9.349754623590E-10
47,5,-4.313475379780E-10,-2.203594026510E-09
47,6,2.574056159830E-09,-3.416224210120E-09
47,7,3.527478101430E-10,-3.937288494680E-09
47,8,5.375245913610E-09,-1.239562493180E-09
47,9,-1.299872026350E-09,2.955558215230E-09
47,10,6.407677015950E-09,3.688850754230E-09
47,11,1.235199258440E-09,-4.722116071050E-09
47,12,1.043809486190E-08,2.754226903460E-09
47,13,-2.710063121780E-09,-3.335604904630E-09
47,14,1.075983587290E-09,4.791887522490E-10
47,15,-1.851793146520E-09,1.007419675680E-09
47,16,-2.041227548130E-09,-7.748242548250E-10
47,17,-1.850943898690E-09,4.705348527330E-09
47,18,-1.756644129770E-09,7.516340261470E-09
47,19,2.579586301990E-09,3.902038584360E-09
47,20,-1.113336663180E-08,1.969396282900E-10
47,21,-5.995681527040E-09,1.111359847690E-10
47,22,-7.566271764250E-09,-9.652171414620E-10
47,23,3.096654061260E-09,9.949282947140E-10
47,24,-1.172859787760E-09,-1.132243637800E-09
47,25,-2.645424355070E-09,-9.918866856290E-09
47,26,8.397187801200E-09,2.930250503890E-10
47,27,-6.105147074180E-09,-2.631903974260E-09
47,28,1.670580132970E-09,-6.845292476990E-09
47,29,5.866532540120E-09,1.399194706360E-11
47,30,-2.420547557340E-09,2.459038934900E-09
47,31,5.197702687790E-10,9.517144246490E-10
47,32,-1.600202227920E-09,-1.571895680680E-10
47,33,-4.662702949620E-09,2.693939609510E-09
47,34,1.864385588010E-09,3.687458850930E-09
47,35,-9.092574441930E-09,1.086839312870E-09
47,36,7.408295179630E-09,-4.346910605900E-09
47,37,8.227696592810E-09,1.656955416420E-09
47,38,6.478279865870E-11,1.369445951560E-09
47,39,-1.854496469250E-09,7.669875550100E-09
47,40,-8.501736200870E-09,7.891720315190E-09
47,41,-3.689359852300E-09,4.900976730060E-09
47,42,-1.590398735650E-09,-5.524460476410E-09
47,43,2.238248828710E-09,2.734102831120E-09
47,44,-3.413121915720E-09,1.043472019470E-08
47,45,6.210338251890E-09,2.302636088370E-09
47,46,-2.586025579960E-10,-4.329609435370E-09
47,47,3.288787602110E-09,-5.014408872170E-09
48,0,3.576811781080E-09,0.000000000000E+00
48,1,1.149686994350E-09,3.026570132830E-09
48,2,4.520343854360E-09,3.633930173490E-10
48,3,-1.229275842350E-09,2.579793024870E-09
48,4,4.093419595660E-10,-1.220805347810E-09
48,5,5.436634557990E-09,-2.356053804810E-09
48,6,4.749040206010E-09,7.848437217790E-09
48,7,-3.989788733220E-10,2.481632621760E-09
48,8,2.558451118260E-09,5.473963718920E-09
48,9,2.241306783480E-10,3.987951872380E-09
48,10,-3.531582996060E-09,3.044708023320E-09
48,11,1.381797076390E-09,1.073202517230E-09
48,12,9.197944995490E-11,-3.831024245600E-09
48,13,2.844454384600E-09,1.676449438990E-09
48,14,-4.174152398840E-10,-5.208905172190E-10
48,15,4.621822065930E-09,1.745411450740E-09
48,16,8.553109058640E-10,9.641781796100E-10
48,17,1.038824890530E-09,3.586122725010E-09
48,18,-6.518334564140E-10,1.746022377690E-09
48,19,-2.274283150470E-09,4.719782771110E-09
48,20,-5.258959022630E-09,5.059470180140E-09
48,21,4.199505646940E-10,-3.373949292430E-09
48,22,-7.467394937560E-09,2.786887113580E-09
48,23,-2.068701633980E-09,-2.406987793840E-09
48,24,-4.284791490160E-09,-9.292227918240E-10
48,25,-3.138163674880E-09,3.538600165270E-10
48,26,6.753170508520E-10,-5.813654146940E-09
48,27,-8.142622998530E-09,4.753006835140E-09
48,28,6.191172112590E-10,-7.450178269020E-09
48,29,2.082708249320E-09,-6.707256708290E-09
48,30,-1.210146529610E-09,-1.359525806740E-09
48,31,2.189262394800E-10,-3.845883145830E-09
48,32,1.754932808570E-09,-1.717345016430E-09
48,33,2.030341266640E-09,-1.192091994380E-10
48,34,7.363414922060E-10,7.248808414100E-09
48,35,-5.460034316940E-09,1.263208848990E-09
48,36,-4.578230415680E-09,-6.448502012820E-10
48,37,-1.778679170250E-09,-4.543049544850E-09
48,38,-8.735473573200E-09,-1.031935132010E-09
48,39,5.122260065570E-09,-8.695379946670E-09
48,40,1.433852396990E-09,4.950291643610E-09
48,41,-2.360899362380E-09,-9.763626932710E-09
48,42,1.918747689180E-09,2.845479876110E-09
48,43,4.869402161970E-09,5.838629295440E-09
48,44,6.538590551770E-10,-1.208656126830E-10
48,45,5.628631593190E-09,4.735073390150E-09
48,46,-3.689180925520E-09,8.754448556250E-09
48,47,3.191618307660E-09,4.529547266630E-09
48,48,6.095745980270E-09,-1.460026110390E-09
49,0,-1.323812517480E-10,0.000000000000E+00
49,1,6.470682776270E-09,-2.378961410410E-10
49,2,1.302004275460E-10,3.004564435470E-09
49,3,1.437482185980E-09,1.446703099780E-09
49,4,-3.923295687440E-10,9.703880354480E-09
49,5,2.554294602330E-09,-1.477680220730E-10
49,6,-2.113766645530E-09,3.438325999430E-09
49,7,3.153300408860E-09,3.419435349570E-09
49,8,-1.066749143620E-09,3.726697496380E-09
49,9,-8.154887167340E-10,5.553817123900E-09
49,10,-4.966785601710E-09,-3.871683850690E-10
49,11,4.840622169880E-09,2.237906176730E-09
49,12,-3.203374077620E-09,-2.027375374750E-09
49,13,2.498127250430E-09,3.727621882280E-09
49,14,6.343490285680E-10,-1.581675935640E-09
49,15,-1.991987628090E-09,1.127742264700E-09
49,16,-1.233364004790E-09,-5.944565408060E-09
49,17,-2.656997020320E-09,-6.102481646900E-10
49,18,-1.314021733230E-09,-2.437825192310E-09
49,19,-2.296883430830E-09,-4.941805213170E-10
49,20,4.668713948080E-09,3.071276321850E-10
49,21,-2.089893465550E-09,-5.884345241950E-09
49,22,1.911352160960E-10,4.434912813020E-09
49,23,2.998712730750E-09,-1.063791057930E-09
49,24,4.359960326200E-09,1.426788624730E-09
49,25,-4.601568267400E-09,5.385031413990E-09
49,26,-7.848455590490E-09,-9.769334116440E-10
49,27,-3.043182991430E-09,2.748722321950E-09
49,28,-3.230177537590E-09,-1.122847465330E-08
49,29,6.641061651010E-10,-5.716706637060E-10
49,30,2.481268704690E-09,2.858958321020E-09
49,31,-2.486891239250E-10,-6.183842848750E-09
49,32,1.373363187110E-09,-5.666676531450E-09
49,33,1.510785316600E-09,-1.852757424700E-09
49,34,4.486217003390E-09,-5.354470384220E-10
49,35,2.841359546950E-09,5.536051024880E-09
49,36,-4.734609429360E-09,5.778006535130E-10
49,37,-1.003753463120E-09,9.278828413400E-10
49,38,3.102966572670E-09,-2.412497894310E-09
49,39,2.828358859020E-09,2.262143453330E-09
49,40,-1.768942083280E-09,1.905250311420E-09
49,41,-1.788697411960E-09,-1.474820174510E-09
49,42,-2.887968795060E-09,-4.840586743220E-10
49,43,5.045570108980E-09,-6.878565260430E-09
49,44,5.934831742780E-09,8.105274677190E-09
49,45,8.782940125860E-10,-1.546287994600E-09
49,46,3.322231418120E-09,1.320616091670E-09
49,47,2.195465587390E-09,4.455773229060E-10
49,48,-3.199346453340E-09,5.297966111630E-10
49,49,3.532984580120E-09,1.155176600730E-09
50,0,-3.761271550800E-09,0.000000000000E+00
50,1,4.238883046090E-09,-1.502279550460E-09
50,2,-8.616446855780E-09,-3.183405458640E-09
50,3,6.548148488300E-10,-1.065541117400E-09
50,4,-8.488785640010E-09,4.072135778900E-10
50,5,-7.589453583230E-10,-2.794746264710E-09
50,6,-8.059476268040E-11,1.796612314970E-09
50,7,2.141835390230E-09,4.518097438180E-09
50,8,-2.725376702080E-09,1.148292529290E-09
50,9,-1.445098911840E-09,2.534728033090E-09
50,10,-4.897999108120E-09,-3.576986333820E-10
50,11,-2.947346010710E-09,1.947867087360E-09
50,12,-4.053825871980E-09,5.023916574000E-09
50,13,-6.355135822560E-10,1.397052560300E-09
50,14,-3.798168277260E-09,4.204464794920E-09
50,15,-3.406931426350E-09,-1.765257310320E-09
50,16,-2.125799204330E-09,-4.978509235830E-09
50,17,1.694170347620E-10,-3.844711977210E-09
50,18,6.368852327860E-10,-4.498810116400E-09
50,19,6.433919474670E-10,3.155122823120E-11
50,20,2.085586854880E-09,-2.371940178150E-09
50,21,-6.275462360580E-10,-8.819139169520E-10
50,22,2.617491418610E-09,-4.960326558710E-10
50,23,-1.673529548240E-09,-5.583517150400E-09
50,24,1.042632886410E-08,5.326454095530E-11
50,25,4.582486969560E-09,3.397692167230E-09
50,26,-8.487290604600E-09,-1.810832497910E-09
50,27,5.476699560080E-09,-2.516965107970E-09
50,28,-7.446174588530E-10,5.586092051140E-09
50,29,6.060260894590E-09,2.809475665720E-09
50,30,4.319695945520E-09,6.413939135950E-09
50,31,-2.846204362830E-09,5.888021893620E-09
50,32,-1.624979227340E-09,2.056468224120E-09
50,33,-4.605251590160E-09,-2.821705225470E-09
50,34,-8.466469349690E-10,-2.729233571210E-09
50,35,1.191404477080E-09,2.067435194140E-11
50,36,2.136339701670E-11,4.508693605700E-11
50,37,-7.338350115310E-10,-1.412877004580E-09
50,38,-1.024100628370E-09,-5.635531415390E-09
50,39,-5.295409121710E-09,9.194589222150E-09
50,40,2.874864871600E-09,6.341287617840E-09
50,41,-6.358722700840E-09,-4.966473872890E-09
50,42,5.699643458350E-09,-4.096643871800E-09
50,43,-5.256709539230E-10,-2.397434929020E-09
50,44,8.107544400670E-11,-1.045606221100E-09
50,45,-3.149260976460E-09,5.121743593230E-09
50,46,-4.253527768420E-09,1.833109791540E-09
50,47,-5.603484471990E-09,-1.126563901450E-08
50,48,9.533090707290E-10,-3.027401352700E-10
50,49,2.270561304910E-09,-4.598092885840E-09
50,50,5.438521252840E-09,1.480274320950E-09
51,0,-4.788529061520E-09,0.000000000000E+00
51,1,1.654488792030E-09,3.094969001700E-09
51,2,-6.911632305110E-09,-1.024241451950E-09
51,3,-4.450729905480E-09,-7.397839007000E-09
51,4,1.078620938600E-09,2.383501415090E-09
51,5,-2.992818938910E-09,-3.756487287740E-09
51,6,9.696836253820E-10,-3.248212420440E-09
51,7,-1.336310313150E-09,3.130439521530E-09
51,8,1.400761325690E-09,4.317558708830E-09
51,9,-9.806044704730E-10,-3.701458194070E-09
51,10,3.784363680640E-09,-2.652668247170E-09
51,11,-3.740592243950E-09,2.016157155090E-10
51,12,-4.460974947830E-09,1.950462746710E-09
51,13,-1.006471889030E-08,-9.354838711770E-10
51,14,1.596626828250E-09,3.099980256590E-10
51,15,8.693250903230E-10,-7.132423869700E-10
51,16,-1.554291207060E-09,-1.718100084940E-09
51,17,3.683429058780E-09,-7.859572376940E-10
51,18,1.468134444570E-09,-7.167786101110E-10
51,19,7.804087551570E-10,-2.377426180110E-10
51,20,5.476406501810E-10,3.142605121030E-11
51,21,1.572137888840E-09,9.439816488870E-10
51,22,-2.932015984370E-09,-2.687668464180E-09
51,23,-2.266961866800E-09,2.443369064410E-09
51,24,3.599801079110E-09,-6.255451756510E-09
51,25,6.791694236840E-09,-9.238945915960E-10
51,26,-1.299127791580E-09,-3.694755691020E-09
51,27,4.835227319780E-09,-8.564765733200E-09
51,28,3.584413133970E-09,6.675464789300E-09
51,29,-2.421832220580E-09,1.475177384610E-09
51,30,1.725579286990E-09,3.323034266090E-09
51,31,3.694987511020E-11,5.064141929210E-09
51,32,2.448323820290E-09,2.150165976410E-09
51,33,-2.609515609560E-09,1.524678191830E-09
51,34,-4.457449303660E-09,-8.638065333720E-10
51,35,3.692352784470E-09,2.351906160000E-09
51,36,-6.299005050720E-09,3.096235280580E-09
51,37,-2.424004385740E-09,-5.677256780090E-09
51,38,1.937545310910E-09,-3.787499552990E-09
51,39,5.183520790080E-09,7.194336430600E-10
51,40,-3.754862401280E-09,-3.935940991850E-10
51,41,1.597507361220E-09,1.843475656820E-09
51,42,1.085321039060E-10,3.381877264650E-09
51,43,-4.704173188610E-09,2.056205292020E-09
51,44,5.840394764860E-11,1.787294030190E-10
51,45,-9.271586993750E-09,-6.784455665040E-09
51,46,4.432591672660E-10,-2.461576926830E-10
51,47,3.988506040580E-09,-7.601353549590E-10
51,48,3.825587465740E-09,7.302106502010E-10
51,49,-1.816389493240E-09,-2.533188162350E-09
51,50,-1.726443518410E-09,6.316935152470E-09
51,51,-5.828724526020E-10,3.545953414910E-09
52,0,8.767984150380E-10,0.000000000000E+00
52,1,-1.381495046120E-09,-5.661410320870E-09
52,2,3.483643263500E-09,5.286356143690E-10
52,3,1.046391123650E-09,-1.522856421500E-09
52,4,3.568822484680E-09,1.394217080450E-09
52,5,-1.638430592690E-10,-1.826400649870E-09
52,6,-5.632359394560E-09,-9.111109114490E-10
52,7,-4.134162233160E-09,-1.980308573540E-09
52,8,1.080896126530E-09,-1.050652675470E-09
52,9,-2.253092574960E-09,-4.902742732660E-09
52,10,4.916567708180E-10,-2.317909033510E-09
52,11,8.496231629480E-10,8.981706345270E-10
52,12,-6.917304854780E-10,-3.965966613600E-09
52,13,-2.804168621250E-09,4.123104664040E-09
52,14,2.971399004640E-09,-8.194058572640E-10
52,15,3.068395983660E-09,1.731707301030E-09
52,16,1.077005610940E-09,2.150167687560E-09
52,17,5.619291475210E-10,8.104853217700E-10
52,18,6.757412599980E-11,-1.073355462250E-10
52,19,-1.731380457740E-10,2.008721224990E-09
52,20,2.516375938840E-09,-2.892732961910E-09
52,21,9.371809639140E-10,7.746533523560E-10
52,22,-2.895253845440E-09,3.709719025180E-09
52,23,4.801220487910E-09,1.557556709030E-09
52,24,-2.088574635290E-10,3.494435605990E-10
52,25,2.730166058380E-09,-1.935099144650E-09
52,26,-6.189339704000E-09,-3.000140014630E-09
52,27,1.899148275840E-10,-6.277448937800E-09
52,28,2.340147635140E-09,1.680413046910E-09
52,29,-6.151234637550E-09,-3.676696899580E-09
52,30,-1.958035067170E-09,4.348241405200E-10
52,31,2.004378072280E-09,-2.041312837770E-09
52,32,4.089938895350E-09,-5.235246921420E-09
52,33,7.230796783910E-10,-2.912431585250E-10
52,34,5.348593011880E-09,-1.196167953110E-09
52,35,7.269486795270E-09,6.731384953060E-09
52,36,1.178431477360E-09,5.691570121490E-09
52,37,-9.486680927260E-09,2.988545321040E-09
52,38,-1.117390912980E-09,-1.248609235710E-09
52,39,-1.676626137490E-09,-1.060683504650E-09
52,40,-1.132361372080E-08,-1.837636171020E-09
52,41,-2.938838429170E-09,-3.823519122830E-09
52,42,-7.904176929050E-10,-6.322943887070E-09
52,43,5.116313948380E-09,-2.526989118530E-09
52,44,-1.033011113070E-09,-1.714353139650E-10
52,45,2.302037336250E-09,-1.016491062630E-09
52,46,3.307137383810E-10,3.383386586190E-09
52,47,-3.421607628480E-09,5.029832499950E-09
52,48,2.656081595130E-09,3.390224545640E-09
52,49,-7.549776828270E-09,5.932845899320E-09
52,50,-4.299437701930E-09,-1.398407893160E-09
52,51,-5.413234227730E-09,-2.499754278410E-09
52,52,-3.367459015880E-09,-4.307243464810E-09
53,0,7.394145005340E-09,0.000000000000E+00
53,1,-3.047141211310E-10,8.821589031500E-10
53,2,7.288386905220E-09,-6.522381211070E-10
53,3,-2.123993597990E-09,2.240663376710E-09
53,4,3.587176178390E-09,7.968971024540E-10
53,5,-6.801476495490E-11,-3.307589221890E-09
53,6,9.443164711020E-10,5.791332629350E-11
53,7,1.340647230700E-09,-5.815774281820E-09
53,8,2.102804192610E-09,-2.758021918710E-10
53,9,1.420870153250E-09,-2.151462017050E-09
53,10,1.119431048260E-08,-4.064687619620E-09
53,11,2.144339300450E-09,-4.149531572370E-11
53,12,-3.715008881010E-10,-5.006374539030E-09
53,13,4.101558223090E-09,2.490159496050E-09
53,14,3.312228630680E-09,-1.270093607240E-10
53,15,5.725101489350E-09,4.172512951100E-09
53,16,-7.525003268380E-10,6.044045268630E-09
53,17,-3.733776567410E-09,1.786870832740E-09
53,18,4.029963208360E-09,2.465772175200E-09
53,19,4.049857053300E-09,-1.087558614950E-09
53,20,-2.213599890720E-09,-1.503775893530E-09
53,21,-2.213117684400E-09,2.619743589580E-09
53,22,3.094038788510E-10,5.989023671070E-09
53,23,3.973563566980E-09,-4.704951020210E-09
53,24,-5.760881179620E-09,5.751141565250E-09
53,25,6.114036510360E-10,-6.506816400580E-09
53,26,-1.667515315360E-09,2.719236962220E-09
53,27,3.183313770850E-10,-3.168058817770E-09
53,28,9.656374771570E-10,3.289355020860E-09
53,29,-6.853961854570E-09,-1.684227976850E-09
53,30,-5.253711397510E-09,-6.325791679860E-09
53,31,-3.126179620030E-09,2.642086210230E-09
53,32,2.645221508160E-09,-1.792701105030E-09
53,33,-9.828763703740E-10,2.676826502370E-09
53,34,-4.990205283240E-09,-7.477997608240E-09
53,35,1.276302624490E-09,-3.827995704330E-09
53,36,3.348640163330E-09,2.477669267200E-09
53,37,-2.368805260650E-09,6.849184825410E-10
53,38,1.812519694690E-09,-2.586867216060E-09
53,39,-2.229924390700E-09,-2.226262600820E-09
53,40,-3.537156489480E-10,-1.176708524320E-09
53,41,7.384449911400E-09,-6.501634793100E-09
53,42,5.057002113970E-09,2.707699851810E-09
53,43,-8.693278743840E-10,4.474948356840E-09
53,44,1.885499921340E-09,-1.929986579570E-10
53,45,-7.170450198340E-09,2.669723782510E-09
53,46,-1.883452963160E-10,-5.395993184340E-09
53,47,-5.398075888850E-10,5.578883824660E-09
53,48,-3.239479269180E-09,-3.237662749290E-09
53,49,-1.193687779180E-09,-3.856564303280E-09
53,50,8.235800148390E-09,1.643982163700E-09
53,51,2.667438223250E-09,6.242165041490E-10
53,52,5.945371668500E-09,7.885733506280E-11
53,53,3.065383395890E-09,5.334196940200E-09
54,0,2.344454337330E-09,0.000000000000E+00
54,1,-1.633257501310E-09,2.725797972390E-09
54,2,6.210659248440E-10,-1.533443340670E-09
54,3,6.176557266070E-09,1.722318502650E-09
54,4,-1.537560249380E-09,-5.385032151630E-09
54,5,1.710251480240E-09,-2.100456940380E-09
54,6,2.717122901410E-09,-4.006010852240E-09
54,7,2.493752788820E-09,1.667392054950E-09
54,8,3.095361232120E-09,-2.209122486160E-09
54,9,3.945447935800E-09,7.970832900650E-09
54,10,1.757316953020E-09,-1.113238259200E-09
54,11,4.871176195230E-09,7.527629123620E-10
54,12,-6.630466131010E-10,-1.933304784410E-09
54,13,3.675389376090E-09,3.807577749330E-10
54,14,-3.499510735820E-09,1.056516088300E-09
54,15,3.563556896550E-09,-3.873790989330E-09
54,16,-2.633668199810E-09,1.424920065240E-09
54,17,-8.337824834790E-10,5.594385601170E-09
54,18,2.291952537700E-09,-1.084925859170E-09
54,19,8.146713906850E-09,-1.254453296550E-09
54,20,-2.009474626880E-09,-5.077034147090E-10
54,21,-3.550576353530E-09,2.339628117010E-09
54,22,-2.410814422580E-09,3.478239582580E-09
54,23,2.717653482940E-10,-1.671419635560E-09
54,24,2.646774705910E-09,4.419493607030E-09
54,25,-3.320770699350E-09,-2.975842903550E-09
54,26,4.164708158370E-09,-2.161719351180E-09
54,27,-8.851421583750E-11,5.133095298660E-09
54,28,-1.594407369430E-09,-8.219764284900E-10
54,29,-2.592462651800E-09,1.488565156040E-09
54,30,2.049875260600E-09,1.470285511650E-09
54,31,4.726391132620E-11,4.400694722700E-09
54,32,-2.033562287500E-09,1.760532764790E-09
54,33,-5.891516940680E-09,9.870558003760E-10
54,34,-8.251363567240E-09,-3.757141173360E-09
54,35,6.098928219680E-10,-8.385145260430E-09
54,36,2.156565940320E-09,-6.444970843350E-09
54,37,2.060532741200E-09,1.761984877160E-09
54,38,-5.482113237180E-10,-7.919549074070E-10
54,39,7.946290160520E-09,-1.785565453480E-09
54,40,2.569459210610E-09,7.091464290510E-10
54,41,5.992413212840E-09,3.538215285900E-09
54,42,6.090902809840E-09,6.242586540120E-09
54,43,-2.006582109310E-09,3.845500946720E-09
54,44,-2.273997904790E-09,3.690305405040E-09
54,45,-1.723296697340E-09,-5.591336621370E-09
54,46,1.359435705560E-09,-4.555579367080E-09
54,47,-2.284662766280E-09,3.059541385160E-09
54,48,3.702670032520E-09,1.739780759680E-09
54,49,-1.179392030220E-10,3.698082873610E-10
54,50,-1.935135769990E-09,-7.573037574700E-10
54,51,4.819567046210E-09,3.784437278100E-09
54,52,1.501205263650E-09,-2.151288416980E-09
54,53,-4.128542441190E-09,2.981089125430E-09
54,54,-7.554857622120E-09,5.652813156070E-09
55,0,1.115005566320E-09,0.000000000000E+00
55,1,-1.608725974070E-09,5.063148670090E-09
55,2,-2.076754138540E-09,-2.029327449900E-09
55,3,4.783604868890E-09,3.163382718350E-09
55,4,-2.805725370250E-10,1.742727439010E-09
55,5,6.415134242940E-09,4.324920986130E-09
55,6,-3.014345634760E-09,-1.832702903750E-09
55,7,2.074893149910E-09,3.433343539790E-09
55,8,-3.752072830400E-09,3.922551362580E-10
55,9,2.752630926410E-09,2.041397089810E-09
55,10,-3.217844801160E-10,3.791201015350E-09
55,11,1.957370469470E-09,2.689659567840E-09
55,12,1.194901090980E-09,3.828653210110E-09
55,13,1.253509795510E-09,-5.995591665540E-10
55,14,-9.454895192810E-10,6.678586727330E-10
55,15,-1.866438592660E-09,-5.282791069400E-09
55,16,-4.140123102470E-09,1.181912558260E-11
55,17,-1.672627835380E-09,-4.203723305240E-10
55,18,-1.173782653580E-09,7.187570335120E-09
55,19,1.158802627980E-09,-4.886721909860E-10
55,20,-1.091340819550E-09,1.128527041240E-09
55,21,7.630114909550E-10,-3.071312658130E-09
55,22,3.675285056610E-09,-2.217087587400E-09
55,23,1.729041781750E-09,5.657692241070E-09
55,24,6.475526956160E-09,4.041328433930E-09
55,25,-4.805034971050E-09,1.148635688000E-09
55,26,-9.155065784010E-10,-1.575120794020E-09
55,27,-4.098055391640E-09,3.588603944960E-09
55,28,7.326412075770E-10,1.688471171200E-10
55,29,2.345350300560E-09,-5.817133544390E-10
55,30,4.863906269660E-09,-5.456542340760E-10
55,31,-6.943497247430E-11,1.458126205790E-09
55,32,-5.402252565680E-10,1.276464667030E-09
55,33,2.433342032170E-09,-5.024040699930E-10
55,34,-1.989517498510E-09,1.011162534670E-09
55,35,2.851397936120E-09,-3.052826979780E-09
55,36,1.913803143990E-09,4.988520510770E-09
55,37,-3.152190703590E-09,5.933312778350E-09
55,38,-7.560417463260E-09,9.849016936520E-10
55,39,-1.066894966080E-09,-4.374820484600E-09
55,40,2.035359528130E-09,-4.663879966520E-09
55,41,3.938340826510E-09,-2.193875991780E-10
55,42,2.758342971180E-09,-2.796288030780E-09
55,43,9.079578994930E-10,8.408680604640E-10
55,44,8.008178372740E-09,-2.414781283200E-09
55,45,1.187850379670E-09,4.269531786830E-09
55,46,-3.067326756970E-09,-2.158108941360E-09
55,47,3.412009003650E-09,3.414232752140E-10
55,48,-4.789302281980E-09,-2.059832436040E-09
55,49,2.790384783520E-09,-1.889840398710E-09
55,50,-3.410466542560E-09,8.865946891520E-10
55,51,-3.232035164960E-10,4.716448526810E-09
55,52,-4.050163269740E-09,-3.011986528420E-09
55,53,7.269727583440E-10,2.072978075120E-09
55,54,-5.604826314310E-09,-5.709820393680E-09
55,55,2.091212654200E-09,-7.070732706610E-09
56,0,-4.723393891860E-09,0.000000000000E+00
56,1,3.931875164780E-09,3.377423145750E-09
56,2,-4.911999596790E-09,4.841334065490E-09
56,3,-1.123073250000E-09,1.546542102990E-09
56,4,-1.909603619420E-09,6.066219654300E-09
56,5,2.391247276790E-09,7.244401389130E-10
56,6,-7.978255862270E-09,7.309445644630E-10
56,7,2.124168533870E-09,-8.579761251080E-10
56,8,-4.722645525860E-09,-3.626881400570E-09
56,9,4.174066313450E-09,8.892097062790E-10
56,10,-4.416156487500E-09,1.229516876670E-09
56,11,2.985675647500E-10,3.119183336190E-09
56,12,4.222200077610E-10,4.135379259320E-09
56,13,3.630752036140E-10,5.574274434020E-09
56,14,-1.200388748680E-09,3.594619660570E-09
56,15,-2.431931873970E-09,1.507844021280E-09
56,16,1.763755538520E-09,-3.483526234890E-09
56,17,-8.272287544120E-09,-2.451097197120E-10
56,18,-2.966873676920E-09,3.350226498400E-09
56,19,-1.456959090200E-09,7.526648391740E-10
56,20,4.956743363780E-09,-1.240936082230E-09
56,21,4.340101328570E-10,-3.625993951050E-09
56,22,1.029034808510E-09,3.667684219920E-10
56,23,2.181402489550E-09,4.022182602740E-09
56,24,1.486700186950E-09,-2.340223674660E-10
56,25,-2.029832252260E-09,2.662861669000E-09
56,26,2.350983962830E-09,-4.809055955770E-09
56,27,7.698846738580E-10,3.658976099300E-09
56,28,-3.477068367780E-09,1.213925342230E-09
56,29,4.584760126090E-09,-3.309890089060E-09
56,30,-8.905714229540E-10,1.919032090740E-09
56,31,6.231908570990E-11,-6.006341530140E-09
56,32,3.367445294720E-09,-2.469521301760E-09
56,33,6.002585961040E-09,1.838500575560E-09
56,34,2.386992588270E-09,1.057044453260E-09
56,35,-1.265066242300E-09,2.043446088360E-10
56,36,3.364876147800E-09,-1.766344009660E-09
56,37,2.650073182810E-09,5.477263393790E-09
56,38,1.341528863070E-09,4.306286848030E-09
56,39,-1.119972284810E-09,-3.747945674940E-09
56,40,2.607735034490E-09,3.841457138210E-09
56,41,-8.414134205680E-10,2.383070789570E-09
56,42,-4.572789444830E-09,-1.673540311950E-10
56,43,-7.086793399900E-10,-4.644846690760E-09
56,44,1.467705671390E-09,2.337348166890E-09
56,45,4.360362991700E-09,-7.663524881560E-10
56,46,3.830465283940E-09,-4.645424628720E-09
56,47,7.601285471620E-09,2.636658948840E-09
56,48,-1.935611352530E-09,-3.144254237580E-09
56,49,5.138414468240E-09,6.126185075940E-09
56,50,-4.242032851540E-09,1.101421495020E-09
56,51,2.608516175440E-09,-1.119594537340E-09
56,52,-3.977203369520E-09,-2.003699677400E-09
56,53,-9.471217167780E-09,-3.550571787820E-10
56,54,-6.948140165290E-09,-1.691376712010E-09
56,55,7.988654685520E-11,-3.117352158800E-09
56,56,1.473999490680E-09,-1.452422150510E-09
57,0,-3.211701956050E-09,0.000000000000E+00
57,1,3.213168361110E-09,-2.886677267450E-09
57,2,-2.693632443430E-09,1.895370698230E-09
57,3,-5.683904275780E-09,3.991874448280E-09
57,4,-7.606326539450E-09,-1.493231762870E-09
57,5,-3.247000655760E-09,1.154219160530E-09
57,6,6.617021665460E-11,-3.380095954190E-10
57,7,-4.489890815210E-10,-3.997134453870E-10
57,8,4.464178395660E-09,9.966429399070E-09
57,9,4.991674092530E-10,-4.988817172630E-09
57,10,-1.385241645900E-09,3.449214060190E-09
57,11,-5.195229552670E-09,-7.544394264660E-09
57,12,4.373747473780E-09,5.790725940740E-09
57,13,1.447728874490E-09,-1.986494382940E-09
57,14,-5.779648352550E-10,6.272156481090E-09
57,15,3.949553802570E-10,3.678341427270E-09
57,16,-8.957345595480E-10,-4.285759691940E-09
57,17,-1.122173691850E-09,-2.150509427310E-10
57,18,1.487326824370E-09,3.747288908570E-11
57,19,-4.272025392360E-09,4.145279682360E-09
57,20,2.976926298910E-09,2.179101651460E-09
57,21,-2.857913288840E-10,1.292653920750E-10
57,22,2.725569988820E-09,1.254063616530E-10
57,23,-2.723735032010E-09,-4.706031698530E-10
57,24,-1.723212075920E-09,-2.495340663920E-09
57,25,6.924629855200E-09,-2.151455977590E-09
57,26,-2.114769496880E-09,-4.863397422900E-09
57,27,6.700029505880E-10,7.020375884920E-10
57,28,-3.939979365780E-09,-4.817979382350E-10
57,29,3.082423946420E-10,-2.082506149450E-09
57,30,6.386716710010E-09,3.021538347890E-09
57,31,-7.828703979060E-10,-2.600888245200E-09
57,32,3.155702408840E-10,-1.377018776450E-09
57,33,1.013027153010E-09,3.326871303040E-09
57,34,-2.373788981420E-09,1.660677121610E-09
57,35,-3.871354531910E-10,-3.900740405790E-09
57,36,-7.763371124240E-10,-6.195628392820E-09
57,37,2.358984173630E-09,2.886916018480E-09
57,38,4.719009416910E-09,3.888456270510E-09
57,39,1.957712668700E-09,1.393268694420E-10
57,40,1.632043310660E-09,7.610245875580E-10
57,41,-1.236086067420E-09,1.483989910730E-09
57,42,-8.017390320310E-09,1.659250844370E-09
57,43,-1.947211823100E-09,-6.962239077040E-09
57,44,1.485454886990E-09,6.084751066300E-10
57,45,-1.280484249260E-09,3.939794120100E-09
57,46,-4.368661744920E-09,2.623321573020E-09
57,47,5.465026666920E-10,-1.492610213030E-09
57,48,-1.221762182760E-09,4.762522155490E-09
57,49,5.942101777800E-10,-2.958141489340E-09
57,50,-1.261760742960E-09,-4.071077763260E-09
57,51,-2.896914012440E-09,-3.542855783960E-09
57,52,2.822916287430E-09,-5.936377909650E-10
57,53,3.268791057160E-09,-1.865595793120E-09
57,54,-6.215221051160E-09,2.850422033960E-09
57,55,2.691248692070E-09,8.788402705710E-10
57,56,8.174722896910E-10,2.437106180390E-09
57,57,-2.879886972900E-09,-3.274631316060E-09
58,0,-3.040261671930E-09,0.000000000000E+00
58,1,-1.084782222380E-09,-1.329280178430E-09
58,2,9.231884768560E-10,4.806032976680E-09
58,3,-2.066492603590E-09,-6.957446363990E-09
58,4,-3.278655978520E-09,5.322785715110E-11
58,5,2.126752987620E-09,-2.928122524540E-09
58,6,8.339028282550E-10,5.519745435420E-10
58,7,-6.678992994630E-09,2.590073043560E-09
58,8,3.292369543240E-09,5.338809101770E-09
58,9,-4.611582098220E-09,-6.273550926320E-09
58,10,2.913270492300E-10,-2.268593594350E-09
58,11,-2.619425905930E-09,-4.473555411880E-09
58,12,1.782219473710E-09,-4.773540155800E-10
58,13,-3.965302333570E-09,-1.329653156960E-09
58,14,3.489400833260E-09,-2.681000819980E-09
58,15,1.164881402140E-09,8.907514603460E-10
58,16,2.573637162050E-09,-3.199054060840E-09
58,17,4.025381573190E-09,1.856942408030E-09
58,18,2.820936889210E-09,-1.064053900430E-09
58,19,1.701260716300E-09,-3.347319195640E-10
58,20,-2.511877896530E-09,1.427190747980E-09
58,21,-9.581994339330E-10,4.671512190420E-09
58,22,3.584776510270E-09,-3.018296810570E-09
58,23,-2.314508395720E-10,1.936615307960E-09
58,24,-3.783254450150E-09,-1.698724412510E-09
58,25,2.560447979180E-09,-2.543786586890E-09
58,26,-1.277821935380E-09,1.737673710580E-10
58,27,-3.233543776870E-09,-5.045012819740E-09
58,28,-2.592271696820E-09,-2.367345857740E-09
58,29,2.975546669070E-09,-2.856526876350E-09
58,30,6.045695318770E-09,3.755160243620E-09
58,31,-3.432480653910E-09,1.462380740610E-09
58,32,2.374765821070E-09,1.452447771550E-09
58,33,-7.526071828020E-10,1.053080432320E-09
58,34,-8.653237538190E-10,2.041043347630E-09
58,35,-2.770013458490E-09,-5.525381161190E-10
58,36,-3.325620357830E-09,-2.153765325240E-09
58,37,3.124714237960E-09,-3.010682856360E-09
58,38,-5.364422737030E-09,2.082242147730E-09
58,39,6.476532774980E-10,-1.429101401320E-09
58,40,1.504605549120E-09,-4.249350396630E-09
58,41,1.150926015530E-09,3.320512502270E-09
58,42,9.602978898440E-10,-2.278387955980E-09
58,43,-5.411126698070E-10,-2.354180311190E-09
58,44,6.158052101950E-09,1.878284244480E-10
58,45,-5.208464108110E-10,4.706590850810E-09
58,46,1.217749081890E-09,2.290755750350E-09
58,47,6.275762934500E-10,1.426488106670E-12
58,48,-1.661014374690E-09,-3.675877073990E-09
58,49,1.867328688520E-09,-5.668984673980E-10
58,50,-7.426459595210E-11,6.856634598780E-09
58,51,1.148910508650E-09,-2.258976844410E-09
58,52,-4.820252031560E-10,5.299422251310E-09
58,53,-4.874628184050E-09,-2.497832803790E-09
58,54,-2.513335484710E-09,-6.169851099640E-10
58,55,7.590189793460E-10,-3.092558619200E-09
58,56,-1.108672272540E-09,-1.660851359770E-10
58,57,-2.284106746490E-09,-5.042392436540E-11
58,58,-5.645383317980E-11,4.013483764920E-10
59,0,1.840050187380E-09,0.000000000000E+00
59,1,-4.307306038560E-09,-2.163596865530E-09
59,2,5.957741551050E-09,1.032500557700E-09
59,3,-2.794257315300E-09,-5.475276519610E-09
59,4,3.426092726740E-09,2.165239887090E-09
59,5,-6.120267563070E-10,-2.626670618890E-09
59,6,-5.721833067440E-09,-6.182099802880E-10
59,7,-3.160777421580E-09,1.456995240020E-09
59,8,3.907200863740E-09,1.317516606830E-10
59,9,-1.946389150660E-09,-4.243764073300E-10
59,10,5.385229272530E-09,-5.239770271570E-09
59,11,3.718279481250E-10,1.199958740030E-09
59,12,2.521657196820E-09,-3.721361868310E-09
59,13,-4.899660783750E-09,-7.493610048050E-10
59,14,4.443968867330E-10,-5.794345234220E-09
59,15,6.517778077870E-12,-3.703607095630E-09
59,16,-2.368622635240E-09,-6.797324537680E-10
59,17,2.944014483510E-09,5.162568227990E-12
59,18,3.562808022080E-09,2.566298281400E-10
59,19,-2.252110435140E-10,-3.648925383390E-09
59,20,-4.065617945160E-09,-1.469776126140E-09
59,21,4.375766878870E-09,1.440780046410E-10
59,22,1.070811046060E-09,-3.600559706980E-09
59,23,4.558622134430E-09,3.441925911050E-09
59,24,5.469328413640E-10,-4.219324422930E-10
59,25,1.278423342910E-09,-1.939465854520E-09
59,26,7.305773962320E-10,9.864977641930E-09
59,27,-2.206293262410E-09,-1.473624039170E-09
59,28,6.431234041230E-10,-1.962323234300E-10
59,29,-3.715445633370E-09,-1.225508889050E-09
59,30,-2.685652029940E-09,-1.249408907010E-09
59,31,-2.076136423610E-09,4.007780583670E-09
59,32,1.217312664430E-09,-1.501789025450E-10
59,33,-7.843718868520E-10,-5.689987100940E-10
59,34,2.432089982380E-09,1.362474073120E-10
59,35,-1.418177473600E-09,-6.533464914690E-10
59,36,2.023476443180E-10,8.314474530240E-10
59,37,-9.238956597510E-10,-2.343100183710E-09
59,38,-1.392819566660E-09,4.650646350600E-09
59,39,-1.948351354010E-09,1.031506956530E-09
59,40,-8.436128106760E-09,1.675203063350E-09
59,41,-1.744130815450E-09,1.619900997030E-09
59,42,-2.234340783150E-09,-1.919719083700E-09
59,43,-2.529703629600E-09,-2.477652218130E-09
59,44,5.719001327810E-09,-3.486625617910E-09
59,45,6.616430594350E-09,-1.672065118640E-09
59,46,4.709871995250E-09,1.542268976850E-09
59,47,-1.953021743790E-10,5.482112957390E-09
59,48,3.019589642190E-09,6.149970972850E-09
59,49,-2.069913059960E-09,3.405487634890E-09
59,50,-4.119244015620E-09,2.659377317900E-09
59,51,-3.832830850750E-10,-4.998764209930E-10
59,52,-5.941997462860E-09,-8.617825851810E-10
59,53,-3.871094426840E-10,-3.442636722920E-09
59,54,-2.959403072140E-09,-2.234496338710E-09
59,55,-6.950841570220E-10,1.922582400270E-09
59,56,3.655647418820E-09,-2.515182187870E-09
59,57,3.449820104690E-09,-2.315997258310E-09
59,58,8.168806883020E-10,-2.437437358300E-09
59,59,2.509554925840E-09,6.956397197440E-10
60,0,-4.371073308180E-10,0.000000000000E+00
60,1,1.350379393080E-09,2.273259051030E-10
60,2,3.541489906610E-09,-2.096180344960E-09
60,3,2.942526888740E-09,2.823041813140E-11
60,4,7.139114726260E-09,5.427868359880E-12
60,5,-2.146486516250E-09,-5.084022065900E-10
60,6,-4.311030894150E-09,-2.950736602500E-09
60,7,-1.852583641640E-09,-2.531591331730E-09
60,8,2.577621384790E-09,-1.129686536890E-09
60,9,6.225133837180E-10,2.152974217500E-09
60,10,4.354742153310E-10,-2.636409786130E-09
60,11,2.652795685490E-09,4.267942835640E-09
60,12,9.195283556180E-10,-3.157897817710E-09
60,13,-5.141915992790E-10,-7.464022649620E-10
60,14,-2.471853934260E-09,-1.371766193520E-09
60,15,1.096047706990E-09,1.312710738660E-10
60,16,-3.349111995700E-09,-8.905931271120E-10
60,17,-4.965884088040E-09,1.638198188210E-09
60,18,-2.315643192750E-09,-2.654257135220E-09
60,19,3.584777199710E-09,-2.116525302210E-09
60,20,-9.652814680370E-10,4.716489086530E-11
60,21,1.137358426580E-09,-4.654945170330E-09
60,22,3.192315981140E-09,3.821899124700E-09
60,23,6.470456042010E-09,-2.668383773700E-09
60,24,-1.912700195840E-09,1.204856401330E-09
60,25,1.410912851560E-09,5.699784201030E-10
60,26,3.699207387480E-09,4.036549823770E-09
60,27,-4.336689342220E-09,2.005331420940E-09
60,28,1.403303089990E-09,-1.519018560590E-09
60,29,2.052084940760E-09,2.939589044080E-09
60,30,-4.410720855680E-09,-2.592553391130E-09
60,31,3.954527659950E-09,4.678519455350E-10
60,32,-6.532225311860E-10,-3.155645927240E-10
60,33,-4.728270100550E-09,4.022850311600E-09
60,34,4.590268069360E-09,-2.369282463590E-09
60,35,1.429718149320E-09,5.618529565810E-10
60,36,8.716333280240E-10,-4.916776681810E-11
60,37,-2.900190348080E-09,7.126517140580E-10
60,38,1.315941194270E-09,-1.326573476220E-11
60,39,-2.243069481570E-09,-5.365647263010E-09
60,40,-6.006589987130E-10,9.544698984700E-10
60,41,-7.893389243930E-10,-1.046862505740E-09
60,42,1.710920969330E-09,3.104373181490E-09
60,43,4.435421883280E-09,7.963440586950E-10
60,44,1.430599918470E-09,-8.085034421740E-10
60,45,4.139392407640E-09,-3.917762075920E-09
60,46,1.187139855230E-09,3.488570589510E-10
60,47,7.794468012940E-10,1.979234649920E-09
60,48,-4.479064558000E-09,-3.726443608050E-09
60,49,5.940656681510E-09,-4.463891602560E-09
60,50,3.567052314680E-09,3.846989602640E-09
60,51,-2.957895190050E-09,-5.802747406160E-10
60,52,3.333043514320E-09,5.368710642110E-09
60,53,-8.901214781070E-10,5.680468028940E-09
60,54,4.751339117720E-09,-2.710083218770E-09
60,55,2.388094696720E-09,2.893742294090E-09
60,56,-1.455251935060E-09,-3.541955252810E-09
60,57,-1.744219532970E-09,-3.224912394770E-10
60,58,-1.440854655100E-09,2.316252724700E-09
60,59,-2.320413112320E-09,1.205854446050E-09
60,60,4.230680697890E-09,3.929837805450E-10
61,0,2.918874634290E-09,0.000000000000E+00
61,1,1.271006405540E-09,1.152780296800E-09
61,2,1.464810717710E-10,-1.455751306090E-09
61,3,-3.681917232120E-10,5.888267530230E-09
61,4,1.875926365200E-10,-2.323391178170E-09
61,5,5.663112231830E-10,-6.807009704910E-11
61,6,3.824208018120E-09,-2.253511339260E-09
61,7,6.601298024780E-10,1.244190344430E-09
61,8,1.652618668220E-09,-7.321911780600E-10
61,9,2.319201652640E-09,4.096503299310E-09
61,10,-4.985757408110E-11,1.152621145400E-09
61,11,2.144060166670E-09,3.754888370620E-09
61,12,-7.959057859580E-10,-1.464383121230E-09
61,13,4.285810197820E-09,-1.476417574880E-09
61,14,-1.140205367600E-09,1.130455976170E-09
61,15,2.256029144270E-09,-1.332549778280E-09
61,16,-2.613066657730E-09,-3.272659308120E-10
61,17,-1.111548363460E-09,1.546681586020E-09
61,18,-3.848444073830E-09,-3.715743251940E-09
61,19,1.147291229880E-09,1.860942452810E-09
61,20,3.586975011710E-09,1.227113615580E-09
61,21,-3.307133949590E-09,2.955848254610E-09
61,22,1.617096397930E-09,2.284928545560E-09
61,23,-5.370914652960E-09,-7.249864474960E-10
61,24,3.874310146700E-09,3.479110828210E-09
61,25,7.391097884720E-10,-2.451960236260E-09
61,26,1.048408316530E-09,-4.434785173830E-09
61,27,-1.557730798480E-10,7.967679585320E-10
61,28,6.101510649930E-09,-1.948803284240E-09
61,29,-9.311702590350E-10,2.762056455410E-09
61,30,-8.539962733050E-11,1.009121790400E-09
61,31,2.825566191580E-09,2.551624186290E-10
61,32,-7.133009479420E-11,5.349623871810E-09
61,33,-3.341814831280E-09,-2.528171726630E-13
61,34,1.536889263590E-09,-2.665727621940E-09
61,35,-2.277549865390E-09,1.847889364690E-09
61,36,-1.388315152540E-09,1.437704602880E-09
61,37,-3.786064441530E-09,-1.183511574170E-09
61,38,-4.382705496440E-10,-7.024248244440E-09
61,39,3.419923017320E-09,-2.845318172670E-09
61,40,3.571866019720E-09,-2.633854671230E-09
61,41,-2.694380121990E-10,-3.294724681040E-09
61,42,3.890648941050E-09,3.177102634970E-09
61,43,2.748825922670E-09,4.366283658780E-09
61,44,8.977369389720E-10,5.299234356820E-09
61,45,2.089837663570E-09,2.486612891870E-09
61,46,-7.729287576810E-10,1.740067084180E-09
61,47,-4.259873638210E-10,3.771673024660E-09
61,48,1.502647407710E-10,2.488501105990E-10
61,49,1.171851403670E-09,-1.057794564090E-09
61,50,-1.356099668180E-09,2.820021590200E-09
61,51,-3.866232696530E-10,2.408396620320E-09
61,52,-4.216872519640E-09,-1.136341017900E-09
61,53,-2.455368065310E-09,-4.466559078600E-09
61,54,2.888665580530E-09,4.906453099380E-10
61,55,5.345431157290E-10,-1.303359237580E-09
61,56,3.277472355680E-09,2.993297331720E-09
61,57,5.133636161310E-09,3.186838627900E-09
61,58,-1.994970161060E-09,6.408968318870E-09
61,59,-4.407857162370E-09,-2.111438995020E-09
61,60,-2.834844303910E-09,-3.237562902230E-09
61,61,-1.629027932790E-09,8.578707215520E-10
62,0,2.602074812300E-09,0.000000000000E+00
62,1,1.160176296650E-09,3.377339083360E-09
62,2,-5.019702226710E-09,4.849979314430E-09
62,3,5.518348643240E-09,1.517308802020E-09
62,4,-3.169712012080E-09,-3.187596827810E-10
62,5,3.752102992440E-09,1.727474287740E-09
62,6,1.758796205000E-09,-5.991626911560E-09
62,7,-1.840174115210E-09,2.398548542430E-09
62,8,5.938053486450E-10,1.469205025010E-09
62,9,2.630260660550E-09,-1.590051261250E-09
62,10,-1.862648041070E-09,5.718194263070E-09
62,11,1.594108013010E-09,2.453648354750E-09
62,12,3.770589639320E-09,3.121481300270E-10
62,13,3.256133247260E-09,-2.960459402080E-09
62,14,1.911332534190E-09,7.366323759170E-09
62,15,-1.480035768690E-09,-3.957619905800E-11
62,16,2.083601832800E-09,-3.194141107680E-10
62,17,-1.235133438360E-10,-2.292747950140E-09
62,18,-3.654084319330E-10,6.495301110160E-10
62,19,2.106671825820E-09,6.209779935840E-10
62,20,2.667831080910E-09,3.552426020250E-09
62,21,-2.177272376890E-09,1.539004218230E-10
62,22,1.651818719110E-10,-1.153773453160E-09
62,23,-3.569004956560E-09,-1.227789015260E-09
62,24,4.167191900400E-09,1.020759158080E-09
62,25,-2.077650234780E-09,-6.136225645540E-10
62,26,-2.248563229530E-09,-2.130759798340E-10
62,27,5.346679987880E-10,2.154995803500E-09
62,28,8.285239803080E-10,-9.558170315370E-10
62,29,1.244386085140E-09,3.560265128910E-09
62,30,-4.726785743590E-09,-1.640894885420E-09
62,31,-2.501405165580E-10,-3.403278943390E-09
62,32,5.865953688100E-10,6.049135359060E-09
62,33,-3.355180534040E-09,-3.897973381730E-09
62,34,-6.348921336510E-10,-2.684188748350E-09
62,35,4.812201886470E-09,-1.105080912100E-09
62,36,1.988356944010E-10,1.456076816210E-09
62,37,3.198934443700E-09,2.146780642390E-09
62,38,-1.920403870900E-09,6.167164065640E-10
62,39,3.345158125060E-09,4.146416458680E-10
62,40,-1.975643435140E-09,-3.017960724550E-09
62,41,-3.462355333180E-09,-2.288018584840E-09
62,42,3.056984667490E-09,-3.754962024820E-09
62,43,-1.496762928780E-09,-6.294970168770E-10
62,44,2.144485245070E-09,1.885235904890E-09
62,45,-8.344057462350E-10,-3.144739353610E-09
62,46,-2.932651062120E-10,7.321131487820E-10
62,47,-1.610970270920E-09,2.360671049810E-09
62,48,-1.226634226270E-09,2.268638935850E-09
62,49,-4.356409315020E-09,-1.166155355830E-09
62,50,-1.633307572310E-10,2.149841104700E-09
62,51,-4.387267385950E-09,-3.968022764710E-09
62,52,3.934366104560E-09,-5.096678799580E-09
62,53,-1.007999503030E-09,-2.809990220620E-09
62,54,3.341716537990E-09,4.319802908010E-09
62,55,4.151629555190E-09,2.892172193260E-11
62,56,-3.153779936590E-09,-4.240810555030E-10
62,57,1.058659541500E-09,-4.618807788870E-09
62,58,-1.405696433690E-09,-1.536136080490E-09
62,59,-5.523141958700E-10,-2.483708563540E-09
62,60,1.045928882370E-09,1.338023176250E-09
62,61,4.086442386790E-09,2.257181843210E-09
62,62,-2.009008222440E-09,1.787845589950E-10
63,0,-3.113231888160E-09,0.000000000000E+00
63,1,-2.516861895270E-09,1.623162042560E-09
63,2,-8.908431926580E-10,6.817182646860E-10
63,3,-8.390313019160E-10,-2.445489568920E-09
63,4,-2.100003666890E-09,5.437499425470E-09
63,5,6.080741220050E-10,4.967999130370E-10
63,6,1.850639533530E-09,3.981438264690E-09
63,7,-9.459172485800E-10,2.404728085210E-09
63,8,-2.899320041120E-09,3.386137926630E-09
63,9,-1.745724094630E-10,-6.292344744470E-09
63,10,2.913849086810E-10,1.860556970080E-09
63,11,2.023389011840E-09,2.834162736530E-09
63,12,3.222821272380E-10,-2.837187829310E-10
63,13,1.916554600000E-09,2.919872679640E-10
63,14,6.856140704570E-09,7.447012986920E-10
63,15,-2.222920942650E-09,-1.469863582230E-10
63,16,5.455861355260E-09,2.544710797900E-09
63,17,8.192427996590E-10,-3.472768452320E-09
63,18,3.245203346100E-10,9.580393852660E-10
63,19,-3.493112925230E-09,1.043095151110E-09
63,20,1.085487023710E-09,-6.206919428330E-10
63,21,2.260772528410E-09,-1.716755594590E-09
63,22,-1.956215276640E-09,-3.400257718070E-10
63,23,1.550668710550E-10,1.227010109250E-09
63,24,-2.998283060100E-10,-3.158794466200E-09
63,25,-2.175028920990E-09,4.911241285060E-09
63,26,-9.763699194000E-10,-2.984194895640E-09
63,27,4.619148427470E-10,1.151378302700E-09
63,28,-4.017740851420E-09,2.923619079540E-09
63,29,1.858919777990E-10,2.084800556610E-09
63,30,-3.389692513670E-09,-2.273194879810E-09
63,31,-8.394260596790E-10,-1.646195214550E-09
63,32,-1.795674629320E-09,2.461768800480E-09
63,33,-4.567545511130E-09,-5.000394941340E-10
63,34,1.445036342410E-09,-1.815471808040E-09
63,35,2.544035856310E-09,7.060249022330E-10
63,36,5.476624208890E-10,-2.874105095360E-09
63,37,1.274021918280E-09,4.687069359370E-09
63,38,3.985678417520E-10,-1.396090377460E-09
63,39,7.557409402480E-10,1.605216788240E-09
63,40,8.556321130510E-10,2.570088463410E-09
63,41,-2.271907949700E-09,-1.011683657320E-09
63,42,-2.609893708380E-10,3.073749620700E-10
63,43,-4.594130926190E-09,2.902928312220E-09
63,44,-6.665328282030E-09,-2.485162122330E-09
63,45,-2.139181013290E-09,-2.936168635240E-09
63,46,3.100230357480E-10,-9.932197143000E-10
63,47,2.232608761200E-09,-1.061999082320E-09
63,48,5.771037384010E-09,-1.661416621910E-09
63,49,1.158790774210E-09,2.190396302210E-09
63,50,8.017459442960E-11,1.391941659770E-09
63,51,1.331343203560E-09,4.104086621760E-10
63,52,-1.237296937730E-09,5.296340410350E-09
63,53,-2.770689147680E-09,-1.023252439320E-10
63,54,4.008518457630E-09,-3.971392343080E-09
63,55,-6.752816863880E-09,1.205941340790E-10
63,56,-6.712579550460E-12,-5.720479292240E-09
63,57,-1.335086838000E-09,1.477000361590E-09
63,58,8.436951266980E-10,-1.128680731100E-09
63,59,1.285682206840E-09,-4.135304947910E-09
63,60,3.509379970670E-09,-1.102011231370E-09
63,61,-2.801806367960E-09,4.202793394990E-09
63,62,-4.675099143540E-09,2.231241143570E-10
63,63,-6.307713697460E-10,-1.765238767480E-10
64,0,-3.731696212280E-09,0.000000000000E+00
64,1,3.763762135480E-09,-5.071800557340E-10
64,2,-9.248628428740E-10,3.192026779200E-09
64,3,-1.722704949490E-09,-1.621196960860E-09
64,4,-3.686680722760E-09,2.418345897040E-09
64,5,-2.514883109830E-09,-2.944875377510E-09
64,6,-2.010249298190E-09,-6.397247993610E-10
64,7,-3.415866066180E-10,6.172629726140E-10
64,8,-7.847161368100E-10,1.031542450610E-09
64,9,-2.076897768450E-09,-2.880877645430E-09
64,10,1.733263399430E-09,-2.833205359950E-10
64,11,-3.358466038460E-09,-4.903433056140E-09
64,12,2.544616711800E-09,2.009991673560E-09
64,13,-4.048701062510E-10,3.491667199260E-10
64,14,-1.084757720800E-09,-1.340985780780E-09
64,15,-1.654592863440E-09,-9.735285425990E-10
64,16,1.714438773120E-09,-1.751190419670E-09
64,17,-1.420729429050E-09,-9.671441042350E-10
64,18,2.218830459930E-10,2.574332343170E-09
64,19,7.619174113620E-10,1.161592595630E-09
64,20,-3.570245840700E-09,-2.016696681510E-09
64,21,6.403389418230E-10,-3.454098768650E-10
64,22,2.197322764280E-09,1.535961197550E-09
64,23,-3.743397522520E-09,-4.247093713180E-10
64,24,-3.975952617110E-09,-3.034204832960E-09
64,25,8.461855746110E-10,6.484126889940E-10
64,26,-1.142672248170E-09,-1.931501403780E-09
64,27,-5.164534264200E-10,-2.436563639760E-09
64,28,-1.232844044050E-09,4.015833621550E-09
64,29,4.026840088990E-11,-3.007288713280E-09
64,30,-2.920047969710E-09,1.021505176160E-09
64,31,2.184740419110E-09,4.486552836740E-10
64,32,8.759878204850E-10,2.528937553410E-09
64,33,-1.879123225540E-09,1.716034010090E-10
64,34,1.796219947550E-09,-1.319014902120E-09
64,35,-6.336461264990E-09,1.135912452020E-09
64,36,-9.965823286240E-10,-1.141855296890E-09
64,37,1.664377207180E-09,1.812187120150E-10
64,38,1.989633955420E-09,-1.979207023610E-09
64,39,-9.125460243000E-11,-3.308173981710E-09
64,40,4.434356187850E-09,1.136074619000E-09
64,41,6.344567649150E-10,2.433481478640E-11
64,42,1.710844321220E-09,-8.039509430000E-10
64,43,8.100313676960E-10,1.445847502750E-09
64,44,-4.676654583270E-09,2.168481627970E-09
64,45,-1.187484630910E-09,-1.407306930630E-09
64,46,2.160174503520E-09,4.726820800650E-10
64,47,-2.680134748950E-09,3.374311497540E-10
64,48,1.174263331430E-09,-2.714457391020E-09
64,49,-2.797143125500E-10,2.201843687060E-09
64,50,-5.770487128930E-09,-3.461861220460E-09
64,51,1.431712683920E-10,4.341948172460E-10
64,52,4.096973453250E-09,-4.740949790410E-09
64,53,2.870997453700E-09,7.708464746760E-10
64,54,1.086669219320E-10,-1.574084017260E-09
64,55,1.826255887060E-09,2.515493443910E-09
64,56,1.980861499430E-09,3.681234118970E-09
64,57,-2.455498693170E-09,-4.620088385090E-10
64,58,-9.882780303100E-11,-3.889703344220E-10
64,59,-8.205621023210E-09,-3.896344374440E-10
64,60,-3.571810438530E-10,1.292844135770E-09
64,61,-4.167731693080E-09,-2.468999902940E-09
64,62,-1.453139587700E-09,-9.373163458900E-10
64,63,2.131922091730E-09,-5.201276279730E-09
64,64,4.734733079730E-09,-1.225807825420E-09
65,0,-4.497001574170E-10,0.000000000000E+00
65,1,-2.582520241830E-09,-4.154507126770E-09
65,2,-2.210427043400E-10,4.833970528480E-10
65,3,-2.366780181550E-09,3.201830684440E-11
65,4,5.210016815900E-10,-2.073534020350E-09
65,5,-3.373185782850E-09,-9.808289521240E-10
65,6,1.771134176650E-09,2.654589743230E-10
65,7,-2.801956446820E-09,-3.815249788560E-10
65,8,9.185083123730E-10,1.468770845730E-09
65,9,4.092914337930E-10,1.702934309330E-09
65,10,1.172027859350E-09,-1.827340128290E-09
65,11,-3.453903998410E-09,-1.304464444720E-09
65,12,8.780575825950E-11,1.539441731830E-09
65,13,-8.392533286850E-10,1.378213785290E-09
65,14,-6.793350414240E-09,-4.102289681570E-09
65,15,1.046368100140E-09,1.280721265030E-09
65,16,-2.225009178890E-09,-4.682412345750E-09
65,17,-1.941765234510E-09,-3.218004977650E-09
65,18,-1.578113015250E-09,-1.900477219400E-09
65,19,-3.993143379130E-09,-2.079467126010E-10
65,20,-3.097339226490E-09,-7.292866769980E-10
65,21,2.134419924790E-09,-3.954010293350E-10
65,22,2.782197520050E-09,-1.626609002670E-10
65,23,9.795858709860E-10,4.182099965800E-09
65,24,-1.337889624970E-09,1.084831798500E-10
65,25,6.307774063390E-10,-2.717669130180E-09
65,26,-3.134745208270E-09,-1.307612746310E-09
65,27,-5.807083254060E-10,-2.866644071590E-09
65,28,-5.431373617360E-11,5.123836017230E-10
65,29,-9.940505371280E-10,-3.270263113370E-09
65,30,4.885037261530E-09,-3.693376558430E-12
65,31,1.341695861410E-09,8.231984807500E-11
65,32,-1.007904177870E-09,1.344269575650E-09
65,33,1.408943678680E-09,-3.265679431930E-10
65,34,1.335469380040E-09,-1.885024843120E-09
65,35,-2.337024677420E-09,3.524193387350E-09
65,36,-1.713289739120E-09,-2.607533163930E-09
65,37,4.692360544340E-09,-1.418534671660E-09
65,38,-1.487174097630E-09,4.600436876180E-09
65,39,-1.748204875800E-09,9.018730437330E-10
65,40,-1.066935521290E-09,-1.335610868420E-10
65,41,1.174770936910E-09,-1.431665806060E-09
65,42,3.224704510290E-09,-4.069531758110E-09
65,43,2.192846401340E-09,2.534984153720E-10
65,44,1.633483527360E-09,1.987828100200E-09
65,45,-1.740139299310E-09,1.606359448490E-09
65,46,3.270764531210E-09,1.789404354270E-09
65,47,8.711901969180E-10,2.436184211660E-09
65,48,1.147172029550E-09,-6.143737579750E-10
65,49,-2.821207301130E-10,1.619539796870E-09
65,50,-5.975958712290E-09,1.059269725660E-09
65,51,9.292439454760E-10,-2.832146623350E-09
65,52,-6.929506822270E-10,1.752022659030E-09
65,53,-4.456014140260E-09,-6.690135610370E-10
65,54,2.577887993050E-09,1.560432650180E-09
65,55,-3.085737797210E-09,4.280187015860E-09
65,56,-1.221626603780E-09,-3.514054241150E-09
65,57,-6.974774328190E-10,2.808244826070E-10
65,58,-8.150957771110E-10,-9.491090025640E-10
65,59,3.016276910470E-09,-2.220141147620E-09
65,60,5.837589064000E-10,2.101359978590E-09
65,61,-3.734689050930E-09,2.758805125700E-09
65,62,9.542286000320E-10,5.207585983020E-10
65,63,4.627603476500E-11,-3.550025658840E-09
65,64,1.070040024200E-09,4.064008192660E-09
65,65,4.397247578790E-10,2.073653366540E-09
66,0,-2.460800030280E-10,0.000000000000E+00
66,1,-1.280657465190E-09,-1.574128399040E-09
66,2,2.347453654390E-09,-8.040931084050E-10
66,3,1.643725276540E-09,-1.256637194030E-09
66,4,1.490770044470E-10,-3.673167169150E-09
66,5,5.591715510780E-09,4.141473903350E-09
66,6,2.070179853990E-09,-2.551205362950E-09
66,7,-8.126590193520E-10,2.617080495970E-09
66,8,-8.196264889060E-10,6.574279032120E-10
66,9,3.449147628480E-10,4.806655307740E-09
66,10,-8.923568166870E-10,-4.176603421120E-09
66,11,-7.347352065630E-10,6.457222722650E-10
66,12,2.403613836060E-09,-4.392473848680E-09
66,13,-3.801518141770E-09,2.087973473390E-09
66,14,-3.715601437270E-09,-1.610130832850E-09
66,15,2.034561722660E-09,-2.029405274740E-09
66,16,-2.152999496830E-09,1.076012679690E-10
66,17,-1.533446216000E-09,-8.016486525890E-10
66,18,-9.232016407660E-10,-2.279914769570E-09
66,19,-1.858789070620E-09,-2.028762133550E-09
66,20,-1.355984881410E-09,-9.497231418180E-10
66,21,-3.390549960660E-10,-2.286948570600E-09
66,22,3.050702686610E-09,1.808451908140E-09
66,23,3.265119970390E-09,2.687008080500E-09
66,24,-4.226135838130E-10,3.664334281770E-10
66,25,2.317767690930E-09,-1.266917971540E-09
66,26,3.155056379980E-09,4.667546329740E-11
66,27,3.080188109700E-09,-1.808756851910E-09
66,28,8.888885078140E-10,-2.494070880850E-09
66,29,-2.838885092330E-09,2.142506734030E-09
66,30,3.598610884130E-09,-2.191739777040E-09
66,31,-2.504525498340E-09,5.505897350900E-10
66,32,-1.228302538300E-09,8.662025052290E-10
66,33,1.628093193040E-10,-4.053134993640E-09
66,34,1.016410440490E-10,1.610839070790E-09
66,35,2.267498212850E-09,-2.590912864610E-10
66,36,-1.744929448380E-09,-2.948927117250E-09
66,37,5.372205343970E-10,2.103663241470E-09
66,38,1.216739408000E-09,3.508065350470E-09
66,39,-7.472458779630E-10,4.757573620480E-09
66,40,-2.614881888300E-09,-3.052954895070E-09
66,41,-1.342630346230E-09,3.510168612510E-09
66,42,-4.071159809510E-09,-2.753231347140E-09
66,43,-5.117004825940E-10,-1.958811976890E-09
66,44,9.281050718600E-10,-4.175784722520E-09
66,45,7.970090804110E-10,-6.181933191000E-10
66,46,-3.024693423180E-10,-3.218168338570E-09
66,47,4.438982742160E-09,-1.290929284670E-09
66,48,4.323029256770E-09,8.720023150220E-10
66,49,1.125630306700E-09,3.118534809810E-09
66,50,-2.907367491250E-09,1.219905396130E-09
66,51,-1.529772323460E-09,-2.227411470510E-09
66,52,-1.941031870900E-09,-7.543799901970E-10
66,53,-2.285317176710E-09,-4.799611928840E-09
66,54,-9.905752784450E-10,-2.750658491640E-09
66,55,-9.163590782370E-10,-2.597847181910E-09
66,56,-1.488223200990E-09,5.379627561370E-10
66,57,1.811916882880E-09,4.296111838440E-09
66,58,-1.392164398380E-09,-1.198134554460E-09
66,59,2.243140872440E-09,3.600679985220E-09
66,60,-6.917090454740E-10,-3.150250793060E-09
66,61,4.601702578460E-10,-2.065015208390E-10
66,62,6.477793032930E-09,1.122385451370E-09
66,63,1.734114276120E-09,4.577823635960E-09
66,64,1.789674520060E-09,-1.578555061690E-09
66,65,-2.454561121190E-09,4.446713352570E-09
66,66,-3.470540361030E-09,-6.776785495600E-10
67,0,-9.706009108070E-11,0.000000000000E+00
67,1,-2.290819761380E-09,1.830690760280E-09
67,2,-8.937671124790E-11,-4.453189611100E-09
67,3,4.795288217440E-10,1.416116339190E-10
67,4,-1.301011180300E-09,1.670873076700E-09
67,5,1.275492899160E-09,2.835417711970E-09
67,6,-8.562008694390E-10,2.995654277750E-11
67,7,-4.166004192720E-09,-1.965622765600E-09
67,8,2.420992959210E-09,-2.503334480710E-09
67,9,2.940902793510E-09,3.244011081410E-09
67,10,1.203345641660E-09,-8.119853617390E-11
67,11,2.561829811270E-09,6.698567478400E-11
67,12,-3.081848640880E-09,-1.676411505080E-09
67,13,3.495951249990E-09,-1.972989912790E-09
67,14,1.718074490950E-09,7.862381540890E-10
67,15,1.637120626510E-09,-1.243698337550E-09
67,16,6.436513372350E-10,1.388517239510E-09
67,17,-2.129567959610E-09,-1.526729105210E-09
67,18,-6.478453646480E-10,1.534804097720E-09
67,19,-5.127940340980E-10,2.531824743840E-10
67,20,3.208581116880E-09,-2.112727878510E-09
67,21,-2.179983137990E-09,1.124469741430E-10
67,22,-3.497425289140E-09,4.598119426420E-09
67,23,3.409884264400E-09,-6.896242687190E-10
67,24,2.278996796760E-09,-2.577358588510E-09
67,25,3.873948084960E-09,5.150925509160E-10
67,26,3.977180985920E-09,3.436698238370E-10
67,27,1.551155829140E-09,5.410294556530E-10
67,28,-1.292357834550E-09,-1.975563442520E-09
67,29,-6.471883631530E-10,9.871988512280E-10
67,30,1.251120280100E-09,-1.188815415060E-09
67,31,-1.216956297880E-09,4.050885104380E-09
67,32,-1.037238380160E-09,-2.784125704450E-09
67,33,-1.669173198330E-09,3.902479385730E-10
67,34,5.533188310880E-10,2.001204829710E-09
67,35,-2.184153830880E-09,-2.194310980730E-09
67,36,-2.128869837840E-09,-1.298161630470E-09
67,37,-3.122149979900E-09,-7.401461276140E-10
67,38,1.777938832560E-09,6.549743004270E-11
67,39,-1.018473525210E-09,-5.001070726250E-10
67,40,-6.002634084460E-10,-2.576627765330E-10
67,41,-8.372154001840E-11,-2.170711389680E-09
67,42,-7.139144812630E-10,2.242171836710E-09
67,43,2.738537663490E-09,-2.312135294480E-09
67,44,-5.888527675810E-10,4.988692645170E-10
67,45,-1.683202994580E-09,1.846633415630E-09
67,46,-3.503793125350E-09,-5.936551843710E-11
67,47,-1.259361841530E-09,-2.594579615330E-09
67,48,3.890250315660E-09,-2.925871607800E-09
67,49,2.484294694180E-10,2.492478399390E-09
67,50,1.545183677550E-09,-1.351024272250E-09
67,51,5.420934703580E-09,-2.412510107820E-09
67,52,5.635896347200E-09,1.182813094220E-09
67,53,1.142862625950E-09,2.483450776960E-10
67,54,9.705711141730E-10,-6.735060519920E-10
67,55,7.947947136220E-11,8.455901673520E-09
67,56,-4.302483349080E-09,-4.491451261590E-09
67,57,2.640684009420E-09,-2.330060320250E-09
67,58,-2.211003582120E-09,-1.774751089400E-09
67,59,8.510752486460E-10,-3.067744747100E-09
67,60,3.330626364340E-09,5.435035060500E-10
67,61,3.248106706490E-09,-2.862300866020E-09
67,62,4.604754416450E-09,-5.357417880570E-09
67,63,1.617348059880E-09,6.071722418580E-09
67,64,2.374349314750E-10,-2.525709734480E-09
67,65,-9.283287343970E-10,1.643900584760E-10
67,66,6.550020060290E-10,-9.096002787960E-10
67,67,-9.501805989530E-10,3.016070885420E-09
68,0,4.622867674000E-10,0.000000000000E+00
68,1,2.143896743880E-10,2.898155351290E-09
68,2,-2.375129026330E-09,-1.436467102500E-09
68,3,-3.566863398040E-09,1.688848506020E-09
68,4,1.990117220430E-09,-3.001482605970E-10
68,5,-4.598465107440E-10,1.639498084770E-10
68,6,1.199090058940E-09,9.939181447530E-10
68,7,1.602596213560E-10,-4.620449723940E-09
68,8,-2.491313389460E-09,1.133586665990E-09
68,9,1.350117864750E-09,-1.022222666290E-09
68,10,-9.072826796310E-10,1.989410030670E-09
68,11,4.551313132950E-09,-2.829333531760E-09
68,12,1.623865035970E-09,4.798420048240E-10
68,13,1.301428797720E-09,-2.972955618640E-09
68,14,-3.999144897760E-10,-6.066133977590E-10
68,15,3.134321014270E-09,-4.461530952230E-10
68,16,1.112432921760E-09,-3.495240619650E-09
68,17,-1.645167178660E-09,-1.949540098340E-10
68,18,-6.104689519900E-10,1.234621622700E-09
68,19,5.762693964550E-09,5.904003766810E-10
68,20,3.725148255910E-09,-1.011230735910E-09
68,21,-2.121240791260E-09,2.803592265400E-09
68,22,-2.918514740270E-09,-2.556658891950E-09
68,23,-2.989268927060E-09,5.033122992960E-10
68,24,2.805390547640E-09,9.921069525720E-10
68,25,-5.345627118200E-10,2.828677668000E-09
68,26,-1.294879518750E-09,7.847130854110E-10
68,27,-1.455803035130E-09,-1.782513316640E-10
68,28,8.569580523230E-10,4.749305989930E-12
68,29,1.856936851030E-09,-2.133528308260E-09
68,30,8.515864065830E-10,1.222433401750E-09
68,31,8.097580051050E-10,3.211260591160E-11
68,32,-3.741512278670E-09,1.382537079450E-09
68,33,2.955854102060E-09,-5.088675650260E-10
68,34,-1.151140797100E-09,2.528810068500E-09
68,35,-2.473594488520E-09,-5.719050707600E-10
68,36,3.835360510700E-09,2.186828513740E-09
68,37,-4.444959640190E-09,3.214092355240E-09
68,38,-2.921195018540E-09,-3.136565869650E-09
68,39,-2.146456632140E-09,-1.325096362170E-10
68,40,3.746760754680E-10,-1.154702567230E-09
68,41,4.497962144960E-09,-5.197795805560E-09
68,42,-1.683963056520E-09,2.229305549630E-09
68,43,1.819118595880E-09,-1.470548269980E-09
68,44,2.283598895780E-09,3.785352301230E-09
68,45,-1.353484110740E-09,1.928246611800E-09
68,46,-3.559909779480E-09,-3.040041802150E-10
68,47,-1.690263181590E-09,-1.230799462400E-09
68,48,-9.828697684530E-10,-4.996165019790E-10
68,49,-1.393896348830E-10,2.209981442400E-09
68,50,-2.953255980760E-09,1.678301471090E-10
68,51,3.839928020730E-09,-1.953415873250E-09
68,52,-1.621579934280E-09,7.319588969000E-10
68,53,-2.184733050670E-09,9.881845352130E-11
68,54,-1.222794211580E-09,-7.946338239610E-11
68,55,2.389362651600E-10,-2.977147087230E-09
68,56,2.517965208390E-09,-5.596085214660E-09
68,57,3.244164097770E-09,8.578655065960E-10
68,58,1.675555464320E-09,7.916671148230E-10
68,59,5.940183932700E-09,4.242384644880E-09
68,60,-2.009912842870E-09,1.765035698310E-09
68,61,9.150037577750E-11,5.245230706380E-10
68,62,3.342982362660E-09,1.490766278720E-09
68,63,3.513310881480E-10,-4.698385168520E-09
68,64,-3.593723191900E-09,-3.155146821700E-09
68,65,2.572304390550E-09,-1.700075638810E-10
68,66,7.643768118980E-10,-1.196751140410E-09
68,67,3.975163378110E-09,-1.251485421120E-09
68,68,-1.242276626610E-09,1.608347229670E-09
69,0,9.639933537860E-10,0.000000000000E+00
69,1,1.925266062060E-09,-2.813391321300E-09
69,2,-2.893582701700E-09,1.761522643360E-09
69,3,3.342859320410E-09,-2.862825189080E-09
69,4,-1.693943552650E-09,3.112943109920E-10
69,5,2.646120493500E-09,2.394010476880E-09
69,6,1.774821922000E-09,3.014931173930E-09
69,7,1.444948129350E-09,-5.174193130150E-10
69,8,-1.325283060160E-09,2.546060902640E-09
69,9,-1.494040082650E-09,5.899918300240E-10
69,10,3.320817971980E-10,-2.026586615120E-10
69,11,-1.432512993070E-09,2.615264394720E-09
69,12,9.512271120140E-10,1.195907312600E-09
69,13,3.153562295000E-10,-5.822536352420E-09
69,14,9.336534382360E-10,1.257808025520E-09
69,15,4.668834417170E-11,-4.279317367640E-09
69,16,-2.657639878040E-09,-4.217892087340E-09
69,17,1.129007144130E-09,-3.705509203530E-09
69,18,-6.044124384520E-10,-1.453862684460E-09
69,19,2.465821404190E-09,2.600523021480E-09
69,20,4.023980950050E-09,-7.759250054430E-10
69,21,-2.062557523760E-09,3.282418387670E-09
69,22,-3.671402852110E-09,-1.250909351290E-09
69,23,-1.362369154240E-09,1.278004896850E-09
69,24,2.673359703800E-09,2.662806710100E-09
69,25,-1.607033110150E-09,-9.064177943250E-10
69,26,-5.273926271570E-09,3.357129992670E-09
69,27,-2.757826457380E-09,-1.211861220330E-10
69,28,-5.979676782100E-10,-1.830945365190E-10
69,29,-7.968564415460E-10,-9.507942576220E-10
69,30,-8.329138953830E-10,1.395181915740E-09
69,31,-1.149255764250E-09,-1.330336461080E-09
69,32,4.530327125190E-10,-5.862785877980E-10
69,33,4.337905653340E-09,1.672924264700E-10
69,34,-1.428502473790E-09,1.870047950040E-09
69,35,-1.996780388550E-09,1.757468893520E-09
69,36,3.129664852880E-09,1.232587622220E-09
69,37,-1.545505076140E-09,5.797110887170E-09
69,38,-3.806143201020E-09,-9.735928925920E-10
69,39,-6.152759456420E-10,-3.807565905920E-10
69,40,-7.193092218020E-10,-3.991381035320E-09
69,41,-1.249770417440E-09,-6.708951650550E-10
69,42,-2.438327600130E-09,2.046305039840E-09
69,43,-9.136984874520E-10,4.528833101270E-10
69,44,1.894698355950E-09,-1.971864706720E-09
69,45,1.651187180580E-09,6.091007676570E-10
69,46,-6.483957387900E-10,-1.654501310780E-09
69,47,1.214040973200E-09,1.655725109600E-09
69,48,-3.415395857530E-10,9.178171977740E-10
69,49,2.635752983680E-09,1.405689906240E-09
69,50,-3.226015307580E-10,-7.630886168800E-10
69,51,1.206215920650E-09,-1.515793598940E-09
69,52,-2.246735021880E-09,5.547309523190E-10
69,53,-3.107208769980E-09,-4.161225367500E-09
69,54,2.933592573650E-09,-3.224424934570E-09
69,55,2.931789037830E-09,-2.095394063520E-09
69,56,-9.531111409640E-10,-1.550976585470E-09
69,57,2.745033423200E-09,-1.130452163930E-09
69,58,-3.196565288320E-09,2.197205034110E-09
69,59,-1.672989310990E-09,-5.010995983660E-09
69,60,-1.985625284290E-10,-1.298461210330E-09
69,61,2.550878316440E-09,-4.693510959090E-09
69,62,-6.223215909800E-10,-2.684621631070E-12
69,63,2.338737147700E-09,1.972862608500E-09
69,64,-3.524290157890E-09,2.875207866270E-09
69,65,1.708121509700E-09,-8.334049698470E-10
69,66,-8.313417394230E-09,7.931345562260E-10
69,67,3.441072944010E-10,3.269945618660E-09
69,68,-8.850300349560E-10,1.665518665040E-09
69,69,1.704767446060E-09,-2.262357492880E-09
70,0,-1.714828829240E-09,0.000000000000E+00
70,1,-3.389289070670E-10,-2.884563311030E-09
70,2,1.216039767620E-09,1.287050405700E-09
70,3,1.483361682940E-09,-5.761446835880E-10
70,4,2.179798539290E-09,2.185138287060E-09
70,5,3.840145088720E-11,2.847028836310E-09
70,6,-1.279055636330E-09,2.679402537010E-10
70,7,-3.086659246050E-10,1.539190811630E-09
70,8,2.523231978470E-09,-6.701502042560E-10
70,9,-3.504911490390E-10,-7.661235213110E-10
70,10,-3.931379577490E-10,-7.779998572610E-10
70,11,-1.607623497000E-09,3.574369028210E-09
70,12,7.294567771310E-10,1.813270429280E-09
70,13,1.529214316590E-09,-9.081410166090E-10
70,14,3.115449583740E-09,1.757523966270E-10
70,15,-1.888231891900E-09,1.722577151420E-09
70,16,-9.291417005590E-10,-6.556539784820E-10
70,17,5.562361704850E-10,-6.285144359120E-12
70,18,-3.430632530680E-09,-1.754148558460E-10
70,19,4.901845670360E-10,-1.461520458150E-09
70,20,-3.887441964960E-09,4.905155401980E-10
70,21,1.494733829700E-09,-1.151482230930E-09
70,22,-1.475520708200E-09,-1.162905908300E-09
70,23,1.341630296010E-09,-9.370184499680E-10
70,24,-1.354924958770E-09,2.058075989600E-09
70,25,-1.183065895650E-09,-7.658446024510E-10
70,26,-2.370138642260E-09,1.201083159830E-09
70,27,-1.435298534230E-09,-5.593116418060E-10
70,28,-2.051684943670E-09,1.470749230100E-09
70,29,8.771265806600E-10,2.470717753350E-09
70,30,6.970603346440E-10,1.121877148680E-09
70,31,-1.864935886300E-09,-1.640325950790E-09
70,32,-7.244133679480E-10,-3.038487684170E-10
70,33,-3.682855515170E-10,1.958321776860E-10
70,34,1.679845848500E-09,7.738712704880E-10
70,35,-5.134450811640E-09,-3.237743274000E-09
70,36,1.470218640390E-09,-9.605254813570E-10
70,37,-2.489932927270E-09,1.717065855160E-09
70,38,-9.195904342850E-10,-2.168229873220E-09
70,39,3.771575962810E-09,-2.519123676510E-09
70,40,-1.895595613150E-09,6.184482392630E-10
70,41,3.950171200860E-09,1.127524564800E-09
70,42,-1.036911301620E-09,1.601539397320E-09
70,43,-2.808324515210E-09,-1.689775171170E-09
70,44,1.071810188310E-09,1.139966121430E-10
70,45,-1.564771842710E-09,2.948037718730E-09
70,46,-2.396455811940E-09,-1.357920296830E-09
70,47,-2.902318811020E-11,-2.442770592270E-09
70,48,1.366151523380E-09,-2.970775585520E-09
70,49,4.656013510100E-10,-5.536651112830E-10
70,50,5.462376341320E-09,3.199429657240E-10
70,51,1.395504648980E-09,2.600461106950E-09
70,52,-2.845376462370E-10,3.671545932910E-09
70,53,-3.550811821970E-09,4.392075899980E-10
70,54,2.567761142050E-09,2.343224458270E-09
70,55,-2.245184401420E-09,2.269095001110E-09
70,56,2.522004754930E-09,2.487281067370E-09
70,57,3.195422415400E-10,-1.493523363180E-09
70,58,-2.901600707990E-09,-2.884708349330E-09
70,59,5.610088494530E-09,-2.438663947610E-09
70,60,-8.197560856990E-10,3.662911406340E-09
70,61,1.099760910830E-09,-1.995017322810E-09
70,62,1.438840223650E-09,2.201767867160E-09
70,63,-2.928359437030E-09,1.744271491360E-09
70,64,-2.069393259060E-09,1.505801742470E-09
70,65,1.019277424350E-09,1.775623036940E-09
70,66,-2.017472644360E-09,1.999366255320E-09
70,67,9.153170437710E-10,-3.613468945850E-10
70,68,-3.183171226730E-09,1.844470166990E-09
70,69,-2.203530405520E-09,9.940130691520E-10
70,70,-4.703751388260E-10,-6.483061378330E-10
